image_id,image_path,resolved_image_path,label,generator,manual_score,ocr_text,detected_word_count,average_confidence,predicted_score,error
real_001,data/concepts/batches/batch_001/real/real_001.png,/Users/houdamalki/Documents/GitHub/interpretable-synthetic-image-detection/data/concepts/batches/batch_001/real/real_001.png,real,real_RAISE_1k,0,"F nl mw PS ~— wr: Se De Ne nef es | — Rs ae Bi fies Crattongy att Poste Mecie meas un vella FH Casit Ree mofe j\ ee, ad Fa ez Folertt at ok? , ¥ EES vel Lunch ww ae = VS pines, Ct pe $230 1 fq) es 13 Ser we se ee ="" [Sas SN 3 \ \ G7 ts es",66,34.087517575757566,3,
real_002,data/concepts/batches/batch_001/real/real_002.png,/Users/houdamalki/Documents/GitHub/interpretable-synthetic-image-detection/data/concepts/batches/batch_001/real/real_002.png,real,real_RAISE_1k,,"ne SA <> VY . x Dey “Ps 1% @, PS e : ¢e> > tty “li; Se ¢ 43. 4 BA PS “s ~ *, 5 sok ~*e Mes ~ rd °:2 * 2G 4a wy ot = a Ss a° ae coe & x :3 i be * of; oe Ss =e core a z >! :P a oS) i 5 he ¥ oa Mw +> AR ees ate %, . = ~ es 3 on “ss es Ye, SS %: »* @ oF. — © . =>, La > 1% - =e Whew Ra ve & Ne i =",102,26.531379578431373,3,
real_003,data/concepts/batches/batch_001/real/real_003.png,/Users/houdamalki/Documents/GitHub/interpretable-synthetic-image-detection/data/concepts/batches/batch_001/real/real_003.png,real,real_RAISE_1k,,"% i“ a 2 ve? Me ‘3 eo is ye aes eS) we eg"" at ot “ ™ Bs ge a ck 3 a ""x a es i wy oa Pas # 2 Cee ae ye es Reray oe oe — ty i at 3 ? ss ae as a =o eS es = ee Se <3 es = St ee Eas 5 ae See aes we = rag eg os eS Ss",73,30.245473547945206,3,
real_004,data/concepts/batches/batch_001/real/real_004.png,/Users/houdamalki/Documents/GitHub/interpretable-synthetic-image-detection/data/concepts/batches/batch_001/real/real_004.png,real,real_RAISE_1k,,"4 s any \ A B,. Bs a Sys vy “Es pat) y y & J: se SR rs eri PERM eves = PaN Bfacele ad ee Se si aa] oo eee a) is He Et EG a4 Pon ons, oe exe ae Poet ae + hy ‘4 a > i 7 cad Sah. SF p rt ot Sy 5) eee SE",62,28.664711612903226,3,
real_005,data/concepts/batches/batch_001/real/real_005.png,/Users/houdamalki/Documents/GitHub/interpretable-synthetic-image-detection/data/concepts/batches/batch_001/real/real_005.png,real,real_RAISE_1k,1,"=a ZN Ate ——__s pt an a =| i asst _ LT —, Od of af aS a r \ = Le ey ee ee ——.., 7 i me cA SS ju ay it J Le Stay \) i Pr Bae BI a — EX @ it i] "" [|| \ Beet i ' \ {) \ i) | f} mf e \ ros ) i) 2) & i = Loe} ™m is "" as pam IN",77,30.493215883116875,3,
real_006,data/concepts/batches/batch_001/real/real_006.png,/Users/houdamalki/Documents/GitHub/interpretable-synthetic-image-detection/data/concepts/batches/batch_001/real/real_006.png,real,real_RAISE_1k,,vy Se mA i “e me SA. <—he,8,27.51986275,3,
real_007,data/concepts/batches/batch_001/real/real_007.png,/Users/houdamalki/Documents/GitHub/interpretable-synthetic-image-detection/data/concepts/batches/batch_001/real/real_007.png,real,real_RAISE_1k,,= Se a Beate & At ae =,8,31.251689874999997,3,
real_008,data/concepts/batches/batch_001/real/real_008.png,/Users/houdamalki/Documents/GitHub/interpretable-synthetic-image-detection/data/concepts/batches/batch_001/real/real_008.png,real,real_RAISE_1k,1,"yt = rust \ AG f Ie ‘, AE Aa - F| iS rt ) Ti oe a x2 >, aaa ee ae eee orale (Emaar ateeaele) [eemaawea aaa] ) By. | oe, fe i a ‘ ay e o i il j rans & i \ i Wt ee ae ree 4 J | ah | y i 3 DT on [eletfal eletelay Tela) LS ic Dt fal f SSSSSESEe Seay oon zB SS Le Jax lly ec iy a Ct i hg o- KY Cs) as SL A fs | ow » yz) ISI.",96,31.764728125,3,
real_009,data/concepts/batches/batch_001/real/real_009.png,/Users/houdamalki/Documents/GitHub/interpretable-synthetic-image-detection/data/concepts/batches/batch_001/real/real_009.png,real,real_RAISE_1k,,‘| fs l N Wel.” uh aU D> ib ae he) w AN H ine $e HN i iy i ie e- \ SN ti aah « tip *% ay > 46 th / i he » ee HN bias ae Ln Ss al Greg aad. remy es am = —— =,52,29.397792423076922,3,
real_010,data/concepts/batches/batch_001/real/real_010.png,/Users/houdamalki/Documents/GitHub/interpretable-synthetic-image-detection/data/concepts/batches/batch_001/real/real_010.png,real,real_RAISE_1k,,"ay an Ca 9 \ GF i, wane a i ik 1] {| 4) Bs seseiiag) set rf Bore wi ey 4 oy a air gal ei fs > ry ve A, wh ta ew i) Lx 08 vy Wa; 14 af be aw a Ane OY. e fe A 1 she re pow an # et wy ‘We'd a ave a éj E Bid a \ tes ter g/ a 4a i &, 2D ne ya ae A gr re Hike hy. cs et Rta” to #5 pce 3 son. Ret Sir ng Pa oS. Wi: Zy Whe wih igh ‘Sir ~ pad tom ne a es a a, ee se AE a ae”, eS 6 eee Od ag wag",121,31.276637074380165,3,
real_011,data/concepts/batches/batch_001/real/real_011.png,/Users/houdamalki/Documents/GitHub/interpretable-synthetic-image-detection/data/concepts/batches/batch_001/real/real_011.png,real,real_RAISE_1k,,"ous —— rw +i a 4 oa ‘= ug He pastes Re S ay ee aa 4s bp gS a 5 ye rae) 4 bars ey os . ue Nay 3, e ef ace 3 i ae ae eh Ne ye oe i Bee es BS wie. i aed a Sor oe a8. con cs ce Lay ry Ue > e ee <i es as \ hae 2 is px . A on en ge cas cae “6 = a Yi /",82,29.880742963414644,3,
real_012,data/concepts/batches/batch_001/real/real_012.png,/Users/houdamalki/Documents/GitHub/interpretable-synthetic-image-detection/data/concepts/batches/batch_001/real/real_012.png,real,real_RAISE_1k,1,"L& &, Bi & lA ¥ 1 ave Ea So Orne a 1G es — Wa <a ana bis St v= iF z i t i DL fe ce & Zz i} is mal 1a lo & nF vif ay i wv ii ih — ny we Sf a",49,31.439819040816325,3,
real_013,data/concepts/batches/batch_001/real/real_013.png,/Users/houdamalki/Documents/GitHub/interpretable-synthetic-image-detection/data/concepts/batches/batch_001/real/real_013.png,real,real_RAISE_1k,,"Y ba | Y — ,. \- Pe p>- z Z as ~ Iai se 7 oe |",18,32.1678915,3,
real_014,data/concepts/batches/batch_001/real/real_014.png,/Users/houdamalki/Documents/GitHub/interpretable-synthetic-image-detection/data/concepts/batches/batch_001/real/real_014.png,real,real_RAISE_1k,,"‘hea C: ye oy 4h ""EN = = he wae mea) Sar SS a aed os",16,28.702271125000003,3,
real_015,data/concepts/batches/batch_001/real/real_015.png,/Users/houdamalki/Documents/GitHub/interpretable-synthetic-image-detection/data/concepts/batches/batch_001/real/real_015.png,real,real_RAISE_1k,0,"scaeeannannenes a . oe \@ fied —— oe Ts z= 4 i. eg Se aot, 3 amas PL ae TEAM 4234561 89 Mtl TOT TEAM 12345 678901 Tor. pl ilio SA hy OF on 0 20210 wh B\ 2) \\ 4 — ae 1a Ws —— ee i ey cu es",51,39.17890166666667,3,
real_016,data/concepts/batches/batch_001/real/real_016.png,/Users/houdamalki/Documents/GitHub/interpretable-synthetic-image-detection/data/concepts/batches/batch_001/real/real_016.png,real,real_RAISE_1k,,hee ee if Fé is fe te ES — je _— — eee ao ‘iat Fie f= ti fre i ete eg if | Be “a HS ‘on 4 | sein if sant a mm A? ‘3 ag | ae ceca ithe i oad Tike i 5 OF aL es ae” ———_— Eu he,54,30.705119592592588,3,
real_017,data/concepts/batches/batch_001/real/real_017.png,/Users/houdamalki/Documents/GitHub/interpretable-synthetic-image-detection/data/concepts/batches/batch_001/real/real_017.png,real,real_RAISE_1k,1,KE Bl J { Sin | ie = | Ht LJ” Mi a 8 a wir _ . yor GAB,20,44.04878255,2,
real_018,data/concepts/batches/batch_001/real/real_018.png,/Users/houdamalki/Documents/GitHub/interpretable-synthetic-image-detection/data/concepts/batches/batch_001/real/real_018.png,real,real_RAISE_1k,,il ny a. 4 pv aN See eh tee ae ahs sf aA Ta SS Werte > xed 1h ne Vier ‘s pat tye a a _ ae Ls = eS et >< = ~~ — ae —_— ee” = — eee on ~~ 2 ¥ SS,47,29.378281063829796,3,
real_019,data/concepts/batches/batch_001/real/real_019.png,/Users/houdamalki/Documents/GitHub/interpretable-synthetic-image-detection/data/concepts/batches/batch_001/real/real_019.png,real,real_RAISE_1k,,in > ba at,4,49.34418575,2,
real_020,data/concepts/batches/batch_001/real/real_020.png,/Users/houdamalki/Documents/GitHub/interpretable-synthetic-image-detection/data/concepts/batches/batch_001/real/real_020.png,real,real_RAISE_1k,,"I -—— a rt Nan ~ za iI , vem \\ S$ inn) i i y ‘A a ‘é — | (Waa \e i i “ \\t = 4 ae = re 4",33,29.562885969696968,3,
real_021,data/concepts/batches/batch_001/real/real_021.png,/Users/houdamalki/Documents/GitHub/interpretable-synthetic-image-detection/data/concepts/batches/batch_001/real/real_021.png,real,real_RAISE_1k,,- oe w a tee a a mg,8,33.80355175,3,
real_022,data/concepts/batches/batch_001/real/real_022.png,/Users/houdamalki/Documents/GitHub/interpretable-synthetic-image-detection/data/concepts/batches/batch_001/real/real_022.png,real,real_RAISE_1k,,"“om n wo a iu a oy een SS bees TET pommlig ees amie mi is ‘Saaaeie mies? 2 ae. Sa "" x De a age peer i ey? 2S leks 3% &.. eh) ‘x Ee \E ' ut iy \ Bo = BL Ow mS = eh BY j Na! ¥ 5 | a 1\ 4 Vie",58,29.458324103448277,3,
real_023,data/concepts/batches/batch_001/real/real_023.png,/Users/houdamalki/Documents/GitHub/interpretable-synthetic-image-detection/data/concepts/batches/batch_001/real/real_023.png,real,real_RAISE_1k,,"Lis SA — ae tee Ma us 1 Pe Ky gy PPPLP 4 y ¥, uy,” Ww NI iG: ’ We al a by oS Ee <$ ¥ - Aer"", # Wo we rey we Vi} ea a he ay aes e y ""a OA, FP > Sz ys i aa ay 4 iF aS s yy Ls) or oe { il ies > Bt y e— ed As. New ed nee ea ae SASS i RAR A ey aS od si ies Sc Se ye De AY ~s OYA 1. GV ss aOR & —<—sS",96,30.776793458333334,3,
real_024,data/concepts/batches/batch_001/real/real_024.png,/Users/houdamalki/Documents/GitHub/interpretable-synthetic-image-detection/data/concepts/batches/batch_001/real/real_024.png,real,real_RAISE_1k,,"eae a Be a eet oo iat Mines a Boreils oni ier: ect eas aS ae Ae os ech th ate Lorn a a ee ae ator oe Pe ‘ of® Re a ey y Gj cod ae es A. A te he Sah oS er, ae we em PAY ha of C sions oa. oe oe be ew are we eae | at ae a a Yash)",68,30.26183644117647,3,
real_025,data/concepts/batches/batch_001/real/real_025.png,/Users/houdamalki/Documents/GitHub/interpretable-synthetic-image-detection/data/concepts/batches/batch_001/real/real_025.png,real,real_RAISE_1k,,yi) - <\ <8 Na Rie mm « ty y a a 'é,13,28.65339623076923,3,
real_026,data/concepts/batches/batch_001/real/real_026.png,/Users/houdamalki/Documents/GitHub/interpretable-synthetic-image-detection/data/concepts/batches/batch_001/real/real_026.png,real,real_RAISE_1k,,S ry. Cures Wee. fe MALL ih ms = Ti Ey 3 ink Tae no et a ine a ve TF ap i = = = =,27,33.71568437037037,3,
real_027,data/concepts/batches/batch_001/real/real_027.png,/Users/houdamalki/Documents/GitHub/interpretable-synthetic-image-detection/data/concepts/batches/batch_001/real/real_027.png,real,real_RAISE_1k,,"nae <a 7 EE] io = as ‘ ee = a = ~~ & \Y ai § —_ = ye y ty Mi BS i i ve Uf cas = in ——_— — nel i ooh ae age a aE Je ae ae a -- i = =p —geey = = —= == ms = 2S == Se Se —— = = = == rea Se aS <= Zz Sas 3 = 3 eS aS, oe -<3 x: <> > mes <a 2",83,33.79935028915663,3,
real_028,data/concepts/batches/batch_001/real/real_028.png,/Users/houdamalki/Documents/GitHub/interpretable-synthetic-image-detection/data/concepts/batches/batch_001/real/real_028.png,real,real_RAISE_1k,1,"= a — ‘io Y Fie NS) Al — ‘cd A gr if i) = - AN Palit. -* \ ey one eee a j , ? Re ie } et if ap Ses i y AR, poate ee we Ss Ae 7) at ‘ves x Fil Yo ss ee Se (| SS ~ = eee Cie (2 ay So Yes] “e OF — as #8 > ae an =) iS - = Sa es » > a ya vs rs, eA oy CO ., eo & 5 ee oN \*",91,36.52825774725275,3,
real_029,data/concepts/batches/batch_001/real/real_029.png,/Users/houdamalki/Documents/GitHub/interpretable-synthetic-image-detection/data/concepts/batches/batch_001/real/real_029.png,real,real_RAISE_1k,,"\ ep ee 2 be vs =o : — A. 120, Pam iy AY allt ja"" Lt IL =: :) Al 4 5% = Lg 2 te ees Tey _ te eed som pe a nt et ae oo ge Ne 4, ES a it Nie re Me mee at Nt, ie: Au Ws eteager Xe Soe ay Ta at 4h ya vl Jat, Vie = Spe Lo iy Vi hy ats WF 7 a is Hay A Me rs ee ist ""ade = ie att Au wee MGh) deri ie ‘} e dh ak * de ss) WY 4, Ypt iy — a ey t) {\ i) fe Be er teal we piel’ ng Cy ) V] X48 Hy af hay heb 5 G) | is pee, a Me, iy Ws u em re ww oon 238 ea w yo if { i pom taihy! bal ae y Qe i i 4 “I sy ee xt Ni ma) Se a et eet PN We we uF’, »,",168,28.09332568452381,3,
real_030,data/concepts/batches/batch_001/real/real_030.png,/Users/houdamalki/Documents/GitHub/interpretable-synthetic-image-detection/data/concepts/batches/batch_001/real/real_030.png,real,real_RAISE_1k,,Se ef we [e ye we i Me % ti Sa sak <a < lbs : bs,17,21.46000494117647,3,
real_031,data/concepts/batches/batch_001/real/real_031.png,/Users/houdamalki/Documents/GitHub/interpretable-synthetic-image-detection/data/concepts/batches/batch_001/real/real_031.png,real,real_RAISE_1k,,A) <> fe fo soto .,6,34.69936783333333,3,
real_032,data/concepts/batches/batch_001/real/real_032.png,/Users/houdamalki/Documents/GitHub/interpretable-synthetic-image-detection/data/concepts/batches/batch_001/real/real_032.png,real,real_RAISE_1k,,"ve ‘a x ae ""Whe wee 5 ro ¢ ad rs * ® oe Fe ae wae we aoe ag te neers. he * ag 2 Wy ae Sad & we xe ‘ye * Bw BN j wr a, eS ks wh mee We hy Re ie, es x oy + ms ia a tee a Sd 9 - ee ee ya Oa a :% ai Ka cee pe Aye 3 ¥ Khe Te sk 1 el 2S Oe; e =e = ne ee i * ses 2 Nay ee tn we ae Sa a5 ‘s te res ee ea Boe ss oe ioe is Ne .% .y a ey e SI ee “i a # ah i Hans ne Weiss me wok * Ee wes "" ts ag Se > OF xe Ne at ae eo i. i Hie. ea AN “ a RS “ed yas * 0 i AN . a if we a tae A Si wee a ey ny Si at iy SY ~ on a - Se SOR aa © es oa ny ut ~ nN ang kes ANS RS cn eI wi . fo ia eo ss eG Tat eo By ee a ¥ ioe < sm “ ‘e na \ ws an iy Ys sh aN, es iN} ne ost Ps aN ‘ ea * Yay at eo gis Aa 8 ii Bx Ny, ifs ms eS ut ap iad Cy, te ae a a w DEA, % ey & Ms = es Ki ee ie ES ae od ‘an ¥) we",259,24.932055876447876,3,
real_033,data/concepts/batches/batch_001/real/real_033.png,/Users/houdamalki/Documents/GitHub/interpretable-synthetic-image-detection/data/concepts/batches/batch_001/real/real_033.png,real,real_RAISE_1k,,"—S i iV 2 — I If SSE —— — wal LN, = bi L | = —— = Hi — se al bb —> —_ == — —= 1 UE AN ee uy = tl — r. “4 Pe jx ok a Shi. \y \\)) a2",47,40.7246695106383,2,
real_034,data/concepts/batches/batch_001/real/real_034.png,/Users/houdamalki/Documents/GitHub/interpretable-synthetic-image-detection/data/concepts/batches/batch_001/real/real_034.png,real,real_RAISE_1k,,= “a = 4 3 EN N! SS M3 asin aan * ome 3s S Ss.) ue 2 eS See os see e me - ae,26,30.960468576923077,3,
real_035,data/concepts/batches/batch_001/real/real_035.png,/Users/houdamalki/Documents/GitHub/interpretable-synthetic-image-detection/data/concepts/batches/batch_001/real/real_035.png,real,real_RAISE_1k,1,IS aN mS . ee Ws —¥ SN fo Rs a 5 SS et) AX. Ns 5\ ad f a4 er \s EY Vas = |} N AY om i cue: VN ml Py yA SaN i ai =e AS ErT | l “4 La \ (\4 vy A mg fi * . Peas CN a Pi A) (ia Ka \ | ANY \ | \ I \Wee ix ALY ci AN q i i if df fh \\ a il iA: f El Elly |,86,34.46433640697674,3,
real_036,data/concepts/batches/batch_001/real/real_036.png,/Users/houdamalki/Documents/GitHub/interpretable-synthetic-image-detection/data/concepts/batches/batch_001/real/real_036.png,real,real_RAISE_1k,,oat onl == iN a,5,34.9916732,3,
real_037,data/concepts/batches/batch_001/real/real_037.png,/Users/houdamalki/Documents/GitHub/interpretable-synthetic-image-detection/data/concepts/batches/batch_001/real/real_037.png,real,real_RAISE_1k,,ee ea == === ————= SS —== =S=— = ——— = — Le =e aS oD ———— — _— — —_ <= —— == — se = a = ——— —= — ————— —— — ——S — ———————— ——— SZ =a = — ES —= ———— ae = ———_ ot La So — — —— = — —————— — ae = —__ = =i — = <= Se —— = —S = —— —i = — — — — —_ —,81,34.89141612345679,3,
real_038,data/concepts/batches/batch_001/real/real_038.png,/Users/houdamalki/Documents/GitHub/interpretable-synthetic-image-detection/data/concepts/batches/batch_001/real/real_038.png,real,real_RAISE_1k,,oh: mah bb af ie ee oh A A Ig 4p oe hv Sa MAb | > | ie i? a¥,21,35.4303810952381,3,
real_039,data/concepts/batches/batch_001/real/real_039.png,/Users/houdamalki/Documents/GitHub/interpretable-synthetic-image-detection/data/concepts/batches/batch_001/real/real_039.png,real,real_RAISE_1k,,— — Sati hime yi | a ‘ \ 4 Mt : a,13,40.015954846153846,2,
real_040,data/concepts/batches/batch_001/real/real_040.png,/Users/houdamalki/Documents/GitHub/interpretable-synthetic-image-detection/data/concepts/batches/batch_001/real/real_040.png,real,real_RAISE_1k,1,eet: ee th Flys put oi re * La} he AL BAYS « “a i 0 e hey ie pus oF Py pf tag ee a E—— es ai oo . 2¢ EY > 2 pcm F ite c gs i 2 = ‘ Aa - ti ts) Pg ba aE ve Mee a ve os a ta a A a wrod Te Beez os Fe is a iA Bae i eau sey 4 ee ie ba Ne Weds & 4) *y eis 3 a i Ze = he vy 4 -— 8 K is so ) Es i Z = a bead EN NG a ise ae i? es o + % yA LVGE Re if: Furs,118,25.895750033898302,3,
real_041,data/concepts/batches/batch_001/real/real_041.png,/Users/houdamalki/Documents/GitHub/interpretable-synthetic-image-detection/data/concepts/batches/batch_001/real/real_041.png,real,real_RAISE_1k,,"jj “ih = Sp % ¥ ve ra fi & # a3 ba i at i iy AN PS 7 ew 7} ie a La F Se a % eit S Na = APA, eyayeyere we SS ‘ if i i otis oe —— a ase",46,38.51114371739129,3,
real_042,data/concepts/batches/batch_001/real/real_042.png,/Users/houdamalki/Documents/GitHub/interpretable-synthetic-image-detection/data/concepts/batches/batch_001/real/real_042.png,real,real_RAISE_1k,,“NEN eee,2,22.8459775,3,
real_043,data/concepts/batches/batch_001/real/real_043.png,/Users/houdamalki/Documents/GitHub/interpretable-synthetic-image-detection/data/concepts/batches/batch_001/real/real_043.png,real,real_RAISE_1k,,Wy VA GY X 0 X ly 4,8,35.379785625,3,
real_044,data/concepts/batches/batch_001/real/real_044.png,/Users/houdamalki/Documents/GitHub/interpretable-synthetic-image-detection/data/concepts/batches/batch_001/real/real_044.png,real,real_RAISE_1k,,"13) et LANG \ aN ASA i] HM) Vig a \ iy ayy) wy ANG iets eas ed eS Oo iy ae RN! iy) 1) x i NS KY \ ote a} oe i wf UR ‘ Ye “\\ Ni Fe Rv aa ¥/ ‘ i¥ it \ a Ye sou) a) Was mi ih hy e Ve hr Ny "" ae iN ats) WN a i Naat NR S BS i) mus NO Mats NY 4 ay Ly mi iff B/D Ax Pat Nea AS Nis ye 4 aN ) So Lm Mes Lt J ip Ly: vy SH ax yi \\ { , ik a. 4] ‘Ps Wat G iy Xe x any 5 Ma me 4 a a fa Sg ay x ss is hy iz gy \I wee % CY tSiy yN0 2A tg ee y if wh eH ee iecic 4 \* IN »f >. a ly Ret, a oe ey Ry | pal a ub akg {| Ae San . th) a} V xt I) ny) NW wr >} AF) BN airs i! eS ye ri re fi oes \ Van \ ay a iM, aa) Fie nt i \/ vy \ is a. a 4 af yi i cat cf Lb Ny o\ Pe i NG fan i vi aN Ne (e \t x on a bye Mi een a Li ei SP), Md ty ely uy Al MERI u x a RA e]| NS al Fy em out |! f LY a | t} 46 q Hh ‘a 4 aa Th Vi i a Ni B ery Ns «& La i Ay vant be iy i + 4g N h 1Y ' Fs ., FA) 7 we ip: ea, i os Mes Nd Oy f \? ie 4 yf ca ey OS o> 2 5 | Mn ie * Jae vy) y; Di U AS ge: ber! iF ah tay 4:9 ‘ a LL ES it, F ¢ a ; v ae. \ ¢ {is TI oh at 5% i) agp iW ¥] e\h \y Vise Pie ot SN v 443 tS et ¢ PES fs \ f 4 Gi ~%, ONS TN Oe | is ig ey vy Sih eX 1 YW ia ry, IS 7 &/ ie D hf , fi] Se V > i View age 4) Th Y YW y yi ‘i Li We ZA = $4 NAS Was 74EO “i 8G MIE o!: ax Sih 4 y s// » ea A Lop Sy, he i | Bs",420,29.96435795238095,3,
real_045,data/concepts/batches/batch_001/real/real_045.png,/Users/houdamalki/Documents/GitHub/interpretable-synthetic-image-detection/data/concepts/batches/batch_001/real/real_045.png,real,real_RAISE_1k,,"EA pe ma, as Ee, if zi * i San E. lA et gore * ne ge ‘ ie 17a VA VA. ""a ae A’ iy, on i ay i, Ae at ya ‘Ses ald aw te te. me Laake 5, bh 0 ie — == == 1A",48,27.49643210416667,3,
real_046,data/concepts/batches/batch_001/real/real_046.png,/Users/houdamalki/Documents/GitHub/interpretable-synthetic-image-detection/data/concepts/batches/batch_001/real/real_046.png,real,real_RAISE_1k,,wi i at | L/ y ee I | | \a ot set oe | a - eae ————,19,37.847408,3,
real_047,data/concepts/batches/batch_001/real/real_047.png,/Users/houdamalki/Documents/GitHub/interpretable-synthetic-image-detection/data/concepts/batches/batch_001/real/real_047.png,real,real_RAISE_1k,,"- —, ITALY > i” % LSS es ———— 4",10,43.26470870000001,2,
real_048,data/concepts/batches/batch_001/real/real_048.png,/Users/houdamalki/Documents/GitHub/interpretable-synthetic-image-detection/data/concepts/batches/batch_001/real/real_048.png,real,real_RAISE_1k,,MA ae —! ee AAS WE Sy es ‘i SS LO} 9 - Rye “) —. a0 2s me 45 J Sadie NG? < te 3 =@ 14 be ~ wd) 7 a «4 iil <é +2 Ft Sf,39,27.950220589743587,3,
real_049,data/concepts/batches/batch_001/real/real_049.png,/Users/houdamalki/Documents/GitHub/interpretable-synthetic-image-detection/data/concepts/batches/batch_001/real/real_049.png,real,real_RAISE_1k,,i a SEE = re in a As a f aa zi) = S| as = — = SSS = —— == —— —= = = _ = = Z—_ == = — —— == = = se == —— = = — = a =A _ = -—- —- pe —eE — Ss oo aE == Fa — SF — ——— == _ Soe Ze es z — = EZ BFS SE Zz Zz == = oe ZZ Ge —_S — = = Se,85,38.654603447058825,3,
real_050,data/concepts/batches/batch_001/real/real_050.png,/Users/houdamalki/Documents/GitHub/interpretable-synthetic-image-detection/data/concepts/batches/batch_001/real/real_050.png,real,real_RAISE_1k,1,"“hh yar 7 hie 4 Ep, 4] ae % ‘¢ % <a 4 f Ae Joh, het is BS ey Sha wi Same « sia Y ; “SA. r a - f ree € | | er i i | bh AS s = > \ 4 2 a —_— ——— ais = . 4 nN —_ | @ OK E aa a} ( = Cs = 1 ANS eS \4 “ij",72,33.124340583333336,3,
real_051,data/concepts/batches/batch_001/real/real_051.png,/Users/houdamalki/Documents/GitHub/interpretable-synthetic-image-detection/data/concepts/batches/batch_001/real/real_051.png,real,real_RAISE_1k,,"rs te Pie ve Pe oe 7s hoa ola ag Ea 4 fy re a Rs Ng Hie ae Cie oe ere e; ie Gach oe ee, cs = £~ rs Fas LEP %, a ots ay feck ° Sal me Ye a vee B. xe + ih re ‘), A ei a Sok ge a # At ry +e ‘Gs",61,25.456317967213106,3,
real_052,data/concepts/batches/batch_001/real/real_052.png,/Users/houdamalki/Documents/GitHub/interpretable-synthetic-image-detection/data/concepts/batches/batch_001/real/real_052.png,real,real_RAISE_1k,,SA oa yp eS = * Wa. 1) 03 xi Cy SS aun,13,32.72574884615385,3,
real_053,data/concepts/batches/batch_001/real/real_053.png,/Users/houdamalki/Documents/GitHub/interpretable-synthetic-image-detection/data/concepts/batches/batch_001/real/real_053.png,real,real_RAISE_1k,,as He tad Oe yi Me Hie ie as,9,28.704632111111113,3,
real_054,data/concepts/batches/batch_001/real/real_054.png,/Users/houdamalki/Documents/GitHub/interpretable-synthetic-image-detection/data/concepts/batches/batch_001/real/real_054.png,real,real_RAISE_1k,,ty : ¢ € iT aa ay ua ti mol | ig } |i eo AS we € qt ( ry 1 |» a,24,44.3228215,2,
real_055,data/concepts/batches/batch_001/real/real_055.png,/Users/houdamalki/Documents/GitHub/interpretable-synthetic-image-detection/data/concepts/batches/batch_001/real/real_055.png,real,real_RAISE_1k,,"= a — — a ee ee PEL: sz er Pare aE oe Zz eect Po Ze aod a— 5S = Ym = we ZZ ia a ZE eZ AGI, ee Pua = ae re a aie SR Poe. ee ge & eo w + Ses FS ay ae oe a “ me oe ee, ih 2 Mx: we a LA we Se Bee x if Be = ne sii as S . bs ie, KS . % bee by wt S/O 38 >",84,30.337157642857154,3,
real_056,data/concepts/batches/batch_001/real/real_056.png,/Users/houdamalki/Documents/GitHub/interpretable-synthetic-image-detection/data/concepts/batches/batch_001/real/real_056.png,real,real_RAISE_1k,,"a... a = Lee Fie LPL To Ss fmm a ee; oe “se ye ae EL vy 5F es gp le at ‘gt 2 — wa laid Lege Ss et ee ios cies Vanetod Pee ot ee we ip er foot a ee eee es Be Ae eS a, | a's aay",52,32.77868373076923,3,
real_057,data/concepts/batches/batch_001/real/real_057.png,/Users/houdamalki/Documents/GitHub/interpretable-synthetic-image-detection/data/concepts/batches/batch_001/real/real_057.png,real,real_RAISE_1k,,"Ay if ney Nae - Any “J t Kh y HA, 2 $6 as Nap & w # ia yee = = & > Fe sd a — pele ‘4 aon ~ ie re oy 3 es ake te ae es ‘apt = Bs Fee as A a “2. wal =. Bos jp. > VN ~ > 2g eA ~% «gl “4 age 4 = 3° no Le. © +e 2 — a ei ro +e =p 6% ey “5 ie y & 53 se es Nhe oe ce iw aT fi SS RS ae | a 4c @, 2 Ge 4) SS: yt ren te r & ae, iw Bp wn o 4 Oo ey",116,33.7388410862069,3,
real_058,data/concepts/batches/batch_001/real/real_058.png,/Users/houdamalki/Documents/GitHub/interpretable-synthetic-image-detection/data/concepts/batches/batch_001/real/real_058.png,real,real_RAISE_1k,,"2» is LA ay ce * yee a y oe ve RS A gn 23N 2 sh 7B. = AW pe ac) 1, “g =. ong a YS aks be S ¥ BEES aoe FR pa i a ay the = Ra <a “ae = Se Bo ""tg ai oe “Bl",51,27.77977878431372,3,
real_059,data/concepts/batches/batch_001/real/real_059.png,/Users/houdamalki/Documents/GitHub/interpretable-synthetic-image-detection/data/concepts/batches/batch_001/real/real_059.png,real,real_RAISE_1k,,"re Bee yA ve ah, at pil a li gra ie 7 e sa | ah ay ra st usa tf sy an",23,30.413437043478265,3,
real_060,data/concepts/batches/batch_001/real/real_060.png,/Users/houdamalki/Documents/GitHub/interpretable-synthetic-image-detection/data/concepts/batches/batch_001/real/real_060.png,real,real_RAISE_1k,,"We ¥ fae <a ti ee. EF 20g ie Ge Y # 4 f Ps g oi es ice = ay és fe Ros a 6 P Ais i. bake SG aay ve ud MY Aas * vi Yer ‘ eve oY ae % Be) % <i =e “, Wi _ a 8",53,26.52613337735849,3,
real_061,data/concepts/batches/batch_001/real/real_061.png,/Users/houdamalki/Documents/GitHub/interpretable-synthetic-image-detection/data/concepts/batches/batch_001/real/real_061.png,real,real_RAISE_1k,0,"pea % i a, jis f At ny a Lag ri ""i f . hy \ } Hit ay il as os ———! _ erie he _ ZG Ye xe Fond en 190) my ae a",36,36.32576361111111,3,
real_062,data/concepts/batches/batch_001/real/real_062.png,/Users/houdamalki/Documents/GitHub/interpretable-synthetic-image-detection/data/concepts/batches/batch_001/real/real_062.png,real,real_RAISE_1k,0,ae 1 TB. pene) bes }) ft a Sued aie il NY =A Tit non ib Je a ir k= HL ee wi fee Lait iia oh —— = ——= ae — — = —s a—= —— a ae ~~ ne — oe ate ns ee a,47,32.14628761702127,3,
real_063,data/concepts/batches/batch_001/real/real_063.png,/Users/houdamalki/Documents/GitHub/interpretable-synthetic-image-detection/data/concepts/batches/batch_001/real/real_063.png,real,real_RAISE_1k,1,« .. AA me ea wat \ 2 Zo iy (Z ea nv Z| iw i (i) \ Ht al Cm Le at 0 = Tl fl 1 vil Fido al G o> sa A ifs 0 a wt FS | ing 4 is si i ig! 1 iN iM 10 il il 1 i AE iy —— ——— =— =,61,41.99889632786885,2,
real_064,data/concepts/batches/batch_001/real/real_064.png,/Users/houdamalki/Documents/GitHub/interpretable-synthetic-image-detection/data/concepts/batches/batch_001/real/real_064.png,real,real_RAISE_1k,1,"et) Be HAN 3 ‘Re aa xs \i ‘ig ent i iN ‘ e i, 6 Ag 7 ss th Bis iy hae? 7 Be ates Nia es | we B a ey) U ay by a a 3 a ee ¥ 2 at iy fal Avs amiss a = Z, pr = = aos o— PR ZRS NE Per ka — ee @: A saaiee <a 2 ee — ee",71,27.944416225352118,3,
real_065,data/concepts/batches/batch_001/real/real_065.png,/Users/houdamalki/Documents/GitHub/interpretable-synthetic-image-detection/data/concepts/batches/batch_001/real/real_065.png,real,real_RAISE_1k,,"se ou YS — we es << avy > Se ye ae we 7 at oat < , Ki loeb, i : » ws se aA Gy a dk as 7) es we Doe om os Me fx \7 a Se aN Ng “9 ve yg ENE oo ie “ A eo Ze, ra er A ME Sa bi Mw 4 wy A t bee rs vow Se soot ae CLP wage fz - Fo ey: ¥e fee tie * oe cv See pa = UL a es i 6. = aceon ee & Oe ~e <= = ia nF FEST Se as poe ieee SS ~ re ye bse Toot — ee & wr Sie ee ZS a \ iS — sa ea ae ee ~Y ay See Pits aoe oa is ya a = — Latina <a 2 AS ae es e>- Nat wie See ~~ a Am wae ae es ty > Ys i ee ee See, ae eS SS SS. we nse eh <> a 5 Wen",171,27.130707374269008,3,
real_066,data/concepts/batches/batch_001/real/real_066.png,/Users/houdamalki/Documents/GitHub/interpretable-synthetic-image-detection/data/concepts/batches/batch_001/real/real_066.png,real,real_RAISE_1k,,"AN Ee INN 4 \ ee shed s a SS ay 24 wey, Sh \ See ne ~~ =f et / om SS mae: Sg ar Wy i — SS ie} \ AY SSE SN ok ES [Ss Gs eS eS es e ~we Ne Se AS Ay iS oko na “i &. wt se aes Ai Be ny at ARS i == S i $s me ~e ae ae, = we aN = eee ie is RS tS ge aoe E 4 a Se Sa & Kes ee ae & Ay MS a nt Le ai 8 Rie ~ & 73% v4 mE one Se, Ss = — > SS at = SS le a MNS pay: ~ ae ra, ~~ woe oa = — Ss = k — ee - es SAN SS ae SS esa oh = Ss aud 4S << 2 = INS RS %s Oe Se AS ee yo 7, Sa SS oe 14 i‘) aN SS NS x x fh” ay > —_ we WE SS",172,33.003008395348836,3,
real_067,data/concepts/batches/batch_001/real/real_067.png,/Users/houdamalki/Documents/GitHub/interpretable-synthetic-image-detection/data/concepts/batches/batch_001/real/real_067.png,real,real_RAISE_1k,,if AY Oh fe Wi 4 Bi 8 — on a Bek 1 we x cy Be 4 4 ew ie ae ao a ~— a ah a = ee as = = a Ze ee cS 2s eS sie ae,41,35.46023631707317,3,
real_068,data/concepts/batches/batch_001/real/real_068.png,/Users/houdamalki/Documents/GitHub/interpretable-synthetic-image-detection/data/concepts/batches/batch_001/real/real_068.png,real,real_RAISE_1k,,"Ht \"" \\ >| ) if i fi OFe/ |",10,47.3583407,2,
real_069,data/concepts/batches/batch_001/real/real_069.png,/Users/houdamalki/Documents/GitHub/interpretable-synthetic-image-detection/data/concepts/batches/batch_001/real/real_069.png,real,real_RAISE_1k,0,"Py ase ee ay PO ne al 3% My = is ®. Ae y Ee os TA! ee + M AGNAE ’ marek a ' His KAROLO+EDVAR D \ ECANO + PATRVM*CAR DINALIVM ET: HENRICO ’D JACOBI «II 1+ FILIIS REG JAE+STIRPIS + STVAR DIAE* POSTREMIS ANNO+M+DCCC:XIX ¥ \ vi St ee — \\ SN ~~ Ah —— eer iy Be ) \ xe 7] ( 7] ry i} , {\ | } ) 4 A] \ J \ \ poet q = y ad SS ] Ke Zn a= hewn / 7 re fe ud 2 % is _ vw sli je 5 ae",105,40.37898859047618,2,
real_070,data/concepts/batches/batch_001/real/real_070.png,/Users/houdamalki/Documents/GitHub/interpretable-synthetic-image-detection/data/concepts/batches/batch_001/real/real_070.png,real,real_RAISE_1k,0,"—— — ar = <= 3 Pe eA >= bo ""e .— [Yes Eb <A S ay PK nna \ SBR, Sa ‘eh 2 es 4 an) 1) Rae aye = —_ i. ,- ¢' ra a er is Pf — a} 7s pas SS",45,34.9565407111111,3,
real_071,data/concepts/batches/batch_001/real/real_071.png,/Users/houdamalki/Documents/GitHub/interpretable-synthetic-image-detection/data/concepts/batches/batch_001/real/real_071.png,real,real_RAISE_1k,,"att +h i WZ ING oS en, a. e Re 3 Wee RS ESI eS) y = ESS oy Si = SS Sd pas 5S SSE FSaq = } } ’ Las wa Fea ese 3 | oe EN SS 2 a a fc ie SS — | Pg ee | WK 7s ey z& 4 2 > a > == jen* 2 vist ra 2g => = aye ass",70,36.522748757142864,3,
real_072,data/concepts/batches/batch_001/real/real_072.png,/Users/houdamalki/Documents/GitHub/interpretable-synthetic-image-detection/data/concepts/batches/batch_001/real/real_072.png,real,real_RAISE_1k,,"NTS LY cig iy evra a ‘ie +y vy £9 ies x - bs ee ¥, oR 4 es By wd al Te ee nF ray aes ac ee o ~an NS pile He ei La a7 it Zs ss * Be GL Wen Ag Leas Px aS . a s ys eS IF) Se = igs a ves ae SS",61,27.40485545901639,3,
real_073,data/concepts/batches/batch_001/real/real_073.png,/Users/houdamalki/Documents/GitHub/interpretable-synthetic-image-detection/data/concepts/batches/batch_001/real/real_073.png,real,real_RAISE_1k,1,"Sy Gk me af. i as @ Py, if 28) = \ vs a Ma = a fc, Rs ‘NY fy x eG ay yas ay 5! 1 Ki “ht rw ve Nat nye vs ig, An Nv ae ‘ we 22 eet eerie ae oe ee fen <5 ""a Sane hie, yee ere poi es bi SS",58,31.2553300862069,3,
real_074,data/concepts/batches/batch_001/real/real_074.png,/Users/houdamalki/Documents/GitHub/interpretable-synthetic-image-detection/data/concepts/batches/batch_001/real/real_074.png,real,real_RAISE_1k,,"> ¥ ee bs =) % ~ aR \Q ¢ a x > oe a + * - * be NX . A, oon ae, as Ss a",28,31.996731928571432,3,
real_075,data/concepts/batches/batch_001/real/real_075.png,/Users/houdamalki/Documents/GitHub/interpretable-synthetic-image-detection/data/concepts/batches/batch_001/real/real_075.png,real,real_RAISE_1k,,"ae hy ff Px a af He a es me Bric ak em, 3 ns < ce. | su 3 3 vig 2 3's Y ine pe Bf ‘ ta — : pm ey vs ‘bos Saas id if Ay 4: ie ae < aes 5S Se s oa ME ae fe f4 es aga age Me Fe Ped i ee ats = 43 ig! Oc a Se oe) as ca Bd As - a",75,30.271387440000005,3,
real_076,data/concepts/batches/batch_001/real/real_076.png,/Users/houdamalki/Documents/GitHub/interpretable-synthetic-image-detection/data/concepts/batches/batch_001/real/real_076.png,real,real_RAISE_1k,,"ie oe Ki ms hs Pa re eo ee Ee a2 Nis iM oe £ & + a St a ie *y. it: ES if es Sec S< Ft Nn =e a a fi Teo we oe ar ee ES » we ot es ay He: = os Es wa ec Ene #3 ah ‘é ae et mee Se > se BLE LS ay tae = = | ets ie a a ee on ae ae Rs. i | ae as x S oes ae | mee tt od ‘J gas - —_ —— all ee ans nes as & ae oe « & So ey Te ee = ae = oa o = tes a a8 eh pk aed ae ee a es ae a ree as aS sie ae ee a A, os See ae cyte =, oe",140,28.156212492857144,3,
real_077,data/concepts/batches/batch_001/real/real_077.png,/Users/houdamalki/Documents/GitHub/interpretable-synthetic-image-detection/data/concepts/batches/batch_001/real/real_077.png,real,real_RAISE_1k,,"{0/9 ee eee we qt ae Saal cs oS wee a ore *.* > Gare \3 “Ay we i x ""re iF Wz ~- ay & ye 2%, ‘4 = ’ nol oa = . —— ——— vw 7 © aes — —= yy ae = % a ie ‘a SS 2) 2 ZA fh we™~ * a Ved whe Pm X SA vie ye",65,30.38315744615385,3,
real_078,data/concepts/batches/batch_001/real/real_078.png,/Users/houdamalki/Documents/GitHub/interpretable-synthetic-image-detection/data/concepts/batches/batch_001/real/real_078.png,real,real_RAISE_1k,1,un of emer “im 7 = a —— Ny ee) mre —S at SS te ie ‘ia _ — ~ Cea,21,28.412195095238097,3,
real_079,data/concepts/batches/batch_001/real/real_079.png,/Users/houdamalki/Documents/GitHub/interpretable-synthetic-image-detection/data/concepts/batches/batch_001/real/real_079.png,real,real_RAISE_1k,1,"vin hit sana < a) ae \ ah & ILS fh \ i it y / 5 dy! ii ° ae ——— \ \ \ a Be Ek . iy AN , \a\ NS. @ Te Ae ad SS Si a) p f e/",44,29.433828590909084,3,
real_080,data/concepts/batches/batch_001/real/real_080.png,/Users/houdamalki/Documents/GitHub/interpretable-synthetic-image-detection/data/concepts/batches/batch_001/real/real_080.png,real,real_RAISE_1k,,"ae peas — = SS. Se = a lh oad ee <n uh seas a at mr ep & ae 7 & a Ey oe Ee ea ao ae Ce os ne re nee < 7 a was ee i ey bys e Nes oe, ‘S fie ¢; a ak i aes es y gy ot i Me aN BES * Ze = i ie ® oY Hy",68,27.184345588235292,3,
real_081,data/concepts/batches/batch_001/real/real_081.png,/Users/houdamalki/Documents/GitHub/interpretable-synthetic-image-detection/data/concepts/batches/batch_001/real/real_081.png,real,real_RAISE_1k,0,"| ° ‘a, er M74 >» F ae mre ~—%F -_ a.b.art mer ( x 2@."" es ad =",19,35.621034421052634,3,
real_082,data/concepts/batches/batch_001/real/real_082.png,/Users/houdamalki/Documents/GitHub/interpretable-synthetic-image-detection/data/concepts/batches/batch_001/real/real_082.png,real,real_RAISE_1k,,"e i “¢ - io Ae > i, 7 ENG % mn SES Doe, o, i aoe Pees » ry aa Rduac4} ts i ‘ ny HH = a of = —— ES Ee = =",36,31.974538111111112,3,
real_083,data/concepts/batches/batch_001/real/real_083.png,/Users/houdamalki/Documents/GitHub/interpretable-synthetic-image-detection/data/concepts/batches/batch_001/real/real_083.png,real,real_RAISE_1k,,oe woe Che f i) J > & af it~ r eS a és a a,16,24.726457625000002,3,
real_084,data/concepts/batches/batch_001/real/real_084.png,/Users/houdamalki/Documents/GitHub/interpretable-synthetic-image-detection/data/concepts/batches/batch_001/real/real_084.png,real,real_RAISE_1k,,"SS Sh (SYxe wiZ VA 6 ON fe Ve \\ A iS NS 1 4 y as Ke. L) JENS ‘fp 3 SS \ l Wl a x ZI. fa AV re a pe cS sy + wy Ay. \: iy © Cy . : ¢) , 2 < 2 7 \ WY \e y Fie a ig we y) io OS 4 ‘z aa a 7. A (Bel ey Dp i e..",73,28.672916356164386,3,
real_085,data/concepts/batches/batch_001/real/real_085.png,/Users/houdamalki/Documents/GitHub/interpretable-synthetic-image-detection/data/concepts/batches/batch_001/real/real_085.png,real,real_RAISE_1k,1,"oe i ae a SAN Aah Ay “Sa, Perr EF Ke a, ae se mg he li are — oF a yes Ss + a oe = hha at",29,31.687568275862077,3,
real_086,data/concepts/batches/batch_001/real/real_086.png,/Users/houdamalki/Documents/GitHub/interpretable-synthetic-image-detection/data/concepts/batches/batch_001/real/real_086.png,real,real_RAISE_1k,,» @* aA ~~ nts af wx,7,35.925585,3,
real_087,data/concepts/batches/batch_001/real/real_087.png,/Users/houdamalki/Documents/GitHub/interpretable-synthetic-image-detection/data/concepts/batches/batch_001/real/real_087.png,real,real_RAISE_1k,1,"— na wan 0, ad: Sa sh \. a Ls aged BY BR) se are —sih Lee ela a am hall ge ‘\ ees Te i Pal hee INN a ——— (SSS SS — ea i os Fg es —— 1 io a eet) a al besa Lal i = rt _¥T Las | ie aS — — 7 a f si LS Mw @ =",66,30.121088727272724,3,
real_088,data/concepts/batches/batch_001/real/real_088.png,/Users/houdamalki/Documents/GitHub/interpretable-synthetic-image-detection/data/concepts/batches/batch_001/real/real_088.png,real,real_RAISE_1k,1,"Y Oe W Ui 8 UI I) Ll s UD 4 uff The s ym tl “Lf St ¥ LA for St ni [ hd 4, YZ | Mil .\\ AMEE y 2 ag ; ll wit As",38,34.62353289473683,3,
real_089,data/concepts/batches/batch_001/real/real_089.png,/Users/houdamalki/Documents/GitHub/interpretable-synthetic-image-detection/data/concepts/batches/batch_001/real/real_089.png,real,real_RAISE_1k,,"x le a . » BS, “ie — % *—— > —_—_—",12,32.563519166666666,3,
real_090,data/concepts/batches/batch_001/real/real_090.png,/Users/houdamalki/Documents/GitHub/interpretable-synthetic-image-detection/data/concepts/batches/batch_001/real/real_090.png,real,real_RAISE_1k,,ae ae ai ne a Ae it a le ba,10,35.3895843,3,
real_091,data/concepts/batches/batch_001/real/real_091.png,/Users/houdamalki/Documents/GitHub/interpretable-synthetic-image-detection/data/concepts/batches/batch_001/real/real_091.png,real,real_RAISE_1k,,Ss Hl f ui il lm Hi aa ak E T ay a bad —F ——_ Se yi &,19,30.80641242105263,3,
real_092,data/concepts/batches/batch_001/real/real_092.png,/Users/houdamalki/Documents/GitHub/interpretable-synthetic-image-detection/data/concepts/batches/batch_001/real/real_092.png,real,real_RAISE_1k,,il ee | 1],4,45.71726725,2,
real_093,data/concepts/batches/batch_001/real/real_093.png,/Users/houdamalki/Documents/GitHub/interpretable-synthetic-image-detection/data/concepts/batches/batch_001/real/real_093.png,real,real_RAISE_1k,,"ive id mn iy] Lei) “ gn tee \ ah ie Eat | =a ij ""he — sini nit ort i frit \ bit whl | i its titi ryder W of: ny, ‘mee 7 m mn NM RY Ray 88 x a ie ve Iam a2",47,33.973963553191496,3,
real_094,data/concepts/batches/batch_001/real/real_094.png,/Users/houdamalki/Documents/GitHub/interpretable-synthetic-image-detection/data/concepts/batches/batch_001/real/real_094.png,real,real_RAISE_1k,,"ef 4 1 ety 4 4 Saat > a # se ae ae ca ‘Se a ca =a 39 << == Sat Se de fe: 5 aol am ae a “ry, i Rare a 2, ss po — a ome ae aa fer FM a > SS ey = es aa rs 2 r oo => ~ eas Bake” ae ra aS s ah ke Press = - a &, $85 sd, - ne o~ saan » os ~~ iting wer rs Sa a & < Se) 4 at tk ae - =e: »&",94,27.91882342553191,3,
real_095,data/concepts/batches/batch_001/real/real_095.png,/Users/houdamalki/Documents/GitHub/interpretable-synthetic-image-detection/data/concepts/batches/batch_001/real/real_095.png,real,real_RAISE_1k,,"3 bor Ets a rs me : i es se ee ie aries ie a ae es wags es ps Bei i a e = RF % is. ic > ae ie ae fa f’ 2 4 ae ve x ae 4 “3 fe x rn x nes Ss (3 | ie ba TAS i, > Poe side 3% a) ee vs NS. a",64,24.48116425,3,
real_096,data/concepts/batches/batch_001/real/real_096.png,/Users/houdamalki/Documents/GitHub/interpretable-synthetic-image-detection/data/concepts/batches/batch_001/real/real_096.png,real,real_RAISE_1k,1,"ye } Nig > Ty re | if i ia) 1) tt ae te ia - yaa may Bh ian Mie oa ae lg ) ne wi 1a ‘ Ey = x Gi, ae A ma Rime",37,32.10131862162163,3,
real_097,data/concepts/batches/batch_001/real/real_097.png,/Users/houdamalki/Documents/GitHub/interpretable-synthetic-image-detection/data/concepts/batches/batch_001/real/real_097.png,real,real_RAISE_1k,,"a ""6 A = al “~ =< sit javenananensy caant | iJ Es Ce see",15,27.5870154,3,
real_098,data/concepts/batches/batch_001/real/real_098.png,/Users/houdamalki/Documents/GitHub/interpretable-synthetic-image-detection/data/concepts/batches/batch_001/real/real_098.png,real,real_RAISE_1k,,—> neh a a Pi. on —— ==> —S aa ma —S tome =. ta ae a is =| a & * HP he ” <7 as Up 4G a AS rau lee 5 xe eo ae i) iyi EY it = eel hs,44,29.506282,3,
real_099,data/concepts/batches/batch_001/real/real_099.png,/Users/houdamalki/Documents/GitHub/interpretable-synthetic-image-detection/data/concepts/batches/batch_001/real/real_099.png,real,real_RAISE_1k,,"iy BN oy Xi => Ny = DR Ig ae Sy td ey Bs. he An iy AS $3 ‘e Se Ei my Le pa “ he Rs i Sie et ass = ba K = WS “¥ : “ Sa Bes NS. 2% S: aw SORES ba Ty SS BP, Ais y ome Sa Bhs Pele ay Te ee, = es Sees wy <a ~*~ ~ ex ee cca 2 aye aR 3S a S vas 1X ee | — OFS Fan. rare, ar Ke ee ys ae 1a ie v Tes /e Ve",95,30.096310947368426,3,
real_100,data/concepts/batches/batch_001/real/real_100.png,/Users/houdamalki/Documents/GitHub/interpretable-synthetic-image-detection/data/concepts/batches/batch_001/real/real_100.png,real,real_RAISE_1k,,"fi ts by » . “ey we y ix i's = & SRN geet Tae CF al Si I & \e o> > ek hn ve lt a & _ =, b, oA ay _ 7 a We 2 ,? — SS v a cS >, Soon SE 22"" reeset Sr e. ‘ee: eens Soo ant er Ss SS Ten. mh ye, & Be SoS isin reo aa Pe Boos SOON ae Seer eork © a ers se SSN SOS Se! ane 1 Se muh as oe eas —, Ti ‘a J Pe Te LP mat poet ie “a ~ pant sn ey oe ""7 sa aN ie =] aie Chas Rect . a RANT BSS. ~ ‘ov bs a SoS SS eet a haerion =) <a oe aSaete pot"" S28. xs",132,25.110390545454546,3,
dalle2_001,data/concepts/batches/batch_001/synthetic/dalle2/dalle2_001.png,/Users/houdamalki/Documents/GitHub/interpretable-synthetic-image-detection/data/concepts/batches/batch_001/synthetic/dalle2/dalle2_001.png,synthetic,dalle2,3,"= =. ce baba wcll SEED, aa. aM \,. ee aoe ss a we AES, Sy A vee xe eae ee att a ae 0 = —_ — . pe Sie % woes mas es neo : a tf — is vi ctelace id Ve x Nes es a ra a Se nae si -= nme G28 = |e ee ee as oo ae",64,26.631832062499996,3,
dalle2_002,data/concepts/batches/batch_001/synthetic/dalle2/dalle2_002.png,/Users/houdamalki/Documents/GitHub/interpretable-synthetic-image-detection/data/concepts/batches/batch_001/synthetic/dalle2/dalle2_002.png,synthetic,dalle2,,= & a dasall ed Se,6,40.60866633333333,2,
dalle2_003,data/concepts/batches/batch_001/synthetic/dalle2/dalle2_003.png,/Users/houdamalki/Documents/GitHub/interpretable-synthetic-image-detection/data/concepts/batches/batch_001/synthetic/dalle2/dalle2_003.png,synthetic,dalle2,3,ee VA DOR LARDO,4,57.203160000000004,2,
dalle2_004,data/concepts/batches/batch_001/synthetic/dalle2/dalle2_004.png,/Users/houdamalki/Documents/GitHub/interpretable-synthetic-image-detection/data/concepts/batches/batch_001/synthetic/dalle2/dalle2_004.png,synthetic,dalle2,,ay \ al 4 od pia y es ll et | Ai & Aa ™ i a PA lp 7 N e a RS: Lae wey gi tt a | . 1 eget ¥ ‘$0 fh bc \g i 3 a i ie i ‘st,45,38.02480455555555,3,
dalle2_005,data/concepts/batches/batch_001/synthetic/dalle2/dalle2_005.png,/Users/houdamalki/Documents/GitHub/interpretable-synthetic-image-detection/data/concepts/batches/batch_001/synthetic/dalle2/dalle2_005.png,synthetic,dalle2,,"y ao Bi 7a & = | A #£ wer & me es bei git es, cee a fens = ee biz x ca od ae aes Ve, EG ey a Lg 3 Fx Es i & i be ee ty Nt Bee RE RS tae paests os Roopa oS aes Prez: ag ae so. 4 2 oe a a. ae Fe oy Sy Pa fey & Ge, eee ed om Si 1 9 ae er gi! i oe s ee hfe sy ae aty a % ae Fs 2h she ane AOS “: 2S ¢ a ae an eet en * ? st Se: Ue. “ i om s ei $4) aha a &, Mei, avs ate oe ae Bs Pa 2g aa ~ 2 Be pe = Bikes i. a ed",133,26.68377057894737,3,
dalle2_006,data/concepts/batches/batch_001/synthetic/dalle2/dalle2_006.png,/Users/houdamalki/Documents/GitHub/interpretable-synthetic-image-detection/data/concepts/batches/batch_001/synthetic/dalle2/dalle2_006.png,synthetic,dalle2,,"sas ih poe e so By 3 Hi # Ses AS sips ay ae a aS x aR a! * ay ti; as ey A pe ny ¥ =a PSG rr * ee es ee ou Pm bm Nie se. cee ee ned Bo $ ee; a Ke Re ik ead a ey Oa *Y) ee Z Ps, ee = * Si a os fe 34 ee S, % OnE de 46 oe x by « i Aug he f sy a, i ""a 2 a ot ‘ O ¥ os; sn es Fa ach ra sh Pe gait aig i a ex ere ms ae ee e s « sei * ae ee Ye eS oy Peat et ie Gy te? ey ah rh? ise . i toed s A er ras ~ : why ah oe eg 4% nt By fa mk x a + EN is Wa ie be Se ae; vse eal ee eB % a Re BZ ch st ee Hee os a * we + oily cd ahi ee x A a & 5 «| a % ye ay ie x Me vo ut Bet mop x a a a i",197,27.89510671573604,3,
dalle2_007,data/concepts/batches/batch_001/synthetic/dalle2/dalle2_007.png,/Users/houdamalki/Documents/GitHub/interpretable-synthetic-image-detection/data/concepts/batches/batch_001/synthetic/dalle2/dalle2_007.png,synthetic,dalle2,,"a = — ee ~< eh, RN ey \ } py 4,",12,38.89043566666667,3,
dalle2_008,data/concepts/batches/batch_001/synthetic/dalle2/dalle2_008.png,/Users/houdamalki/Documents/GitHub/interpretable-synthetic-image-detection/data/concepts/batches/batch_001/synthetic/dalle2/dalle2_008.png,synthetic,dalle2,,"i Ni . bi “e ae TTB p rts, UE CY xd — = wi ie * aa "" yy fe",21,27.739120047619046,3,
dalle2_009,data/concepts/batches/batch_001/synthetic/dalle2/dalle2_009.png,/Users/houdamalki/Documents/GitHub/interpretable-synthetic-image-detection/data/concepts/batches/batch_001/synthetic/dalle2/dalle2_009.png,synthetic,dalle2,,"Y ee “et Ny, fete hie. i, 5 a a wo Ye <n ey, ou zs Me ee ead aM ie > yy A Ss »\ SS Sa SS oa a ee ee. Va sy yN * ‘ ee ‘eS wore pein ¥ >a lh — a walt 2esenee, D>, Y <2 YS Fy ra",55,29.480615581818178,3,
dalle2_010,data/concepts/batches/batch_001/synthetic/dalle2/dalle2_010.png,/Users/houdamalki/Documents/GitHub/interpretable-synthetic-image-detection/data/concepts/batches/batch_001/synthetic/dalle2/dalle2_010.png,synthetic,dalle2,0,"i oN » SEN re vy a , 2 > i te yn Why woh mG 9 a ia a Phd \i Ya dpe Md it “A \ aA hai i oe {) | ~ ha et i] m, \ \ pe SU, A ye he SF Dyn si as vA : Pa ee a ee",56,29.274955410714284,3,
dalle2_011,data/concepts/batches/batch_001/synthetic/dalle2/dalle2_011.png,/Users/houdamalki/Documents/GitHub/interpretable-synthetic-image-detection/data/concepts/batches/batch_001/synthetic/dalle2/dalle2_011.png,synthetic,dalle2,3,"Tremtg ar RE i} a "" PS TT Cac = Wi = 4 e a Mt it — Qs “ s We = oF, Fe it iy pile Bal te 55 ba ted we ii ite Ey",37,28.453352459459456,3,
dalle2_012,data/concepts/batches/batch_001/synthetic/dalle2/dalle2_012.png,/Users/houdamalki/Documents/GitHub/interpretable-synthetic-image-detection/data/concepts/batches/batch_001/synthetic/dalle2/dalle2_012.png,synthetic,dalle2,,"ae | i = = , [em Ta ~~ aS’ 10 roe “ee PZ — ae &. a) a” pote rt 4 & et yas \\ Gi — ( 3 ett eee on p) \ Ae iW",37,37.722537972972965,3,
dalle2_013,data/concepts/batches/batch_001/synthetic/dalle2/dalle2_013.png,/Users/houdamalki/Documents/GitHub/interpretable-synthetic-image-detection/data/concepts/batches/batch_001/synthetic/dalle2/dalle2_013.png,synthetic,dalle2,2,i mutes —= —— ==. eh YN y sy Meo i} ¥ ee * | La | tr ' | cw hy — = a =i ws {3 se 1B ca if ja — STA re ——— oe ) bi a tk = @ =,45,33.51730744444444,3,
dalle2_014,data/concepts/batches/batch_001/synthetic/dalle2/dalle2_014.png,/Users/houdamalki/Documents/GitHub/interpretable-synthetic-image-detection/data/concepts/batches/batch_001/synthetic/dalle2/dalle2_014.png,synthetic,dalle2,,"a a, ~ 5 a5 5 ‘ig * de. Ge os hy 1% Se 4 iE fom. Si ni A is & w Paes iz ] “o 4 & as J ght ae 3 > & ar Y » hiot Q es ‘< a 4 ‘< PY",47,25.09891206382979,3,
dalle2_015,data/concepts/batches/batch_001/synthetic/dalle2/dalle2_015.png,/Users/houdamalki/Documents/GitHub/interpretable-synthetic-image-detection/data/concepts/batches/batch_001/synthetic/dalle2/dalle2_015.png,synthetic,dalle2,,"a | i», | ly oe ares ti | yo Sgt iy my , hl",15,41.4971186,2,
dalle2_016,data/concepts/batches/batch_001/synthetic/dalle2/dalle2_016.png,/Users/houdamalki/Documents/GitHub/interpretable-synthetic-image-detection/data/concepts/batches/batch_001/synthetic/dalle2/dalle2_016.png,synthetic,dalle2,,mama ill [a * A fe es yn ae i aoe 4 UG co a & gE eG i rae wh ok ise 3 i ‘e Je 5 res ant ie Sa bi ae x a; a eZ D sea “ee se ‘ Fy | J Pe 2 pas a . a AN ee Rl. rast ad ‘oe os ih ee Bh oof oe.,64,30.103172421875,3,
dalle2_017,data/concepts/batches/batch_001/synthetic/dalle2/dalle2_017.png,/Users/houdamalki/Documents/GitHub/interpretable-synthetic-image-detection/data/concepts/batches/batch_001/synthetic/dalle2/dalle2_017.png,synthetic,dalle2,,"‘Sy * X | > a Ta < Py, 4 Oy ree =U94s ; Bex ‘ 28 26 rr Ratheipasee Ae: oF 2@r""® it De nh =~ he | i =",31,36.47639703225806,3,
dalle2_018,data/concepts/batches/batch_001/synthetic/dalle2/dalle2_018.png,/Users/houdamalki/Documents/GitHub/interpretable-synthetic-image-detection/data/concepts/batches/batch_001/synthetic/dalle2/dalle2_018.png,synthetic,dalle2,,"al SY Ne il i z y up fs aN ay oF Vy ie %. 3 a re § ea bt RS { i We re aed Ep | al Sy Mid Ie Fu Nae Cal oP Sy 2 we pins ide 6 ae % ae Fee >: tes be oo ge eo es, = bond F, 2 a SS 2 ae as Seg A, a Soe > on",69,28.8377615942029,3,
dalle2_019,data/concepts/batches/batch_001/synthetic/dalle2/dalle2_019.png,/Users/houdamalki/Documents/GitHub/interpretable-synthetic-image-detection/data/concepts/batches/batch_001/synthetic/dalle2/dalle2_019.png,synthetic,dalle2,,"auch et ot. fa Ay x ‘se % ~e SET, aN as = ' si & ee eo ras eal ta ES Ai ~ oa a oe « Sails =",30,30.34767103333333,3,
dalle2_020,data/concepts/batches/batch_001/synthetic/dalle2/dalle2_020.png,/Users/houdamalki/Documents/GitHub/interpretable-synthetic-image-detection/data/concepts/batches/batch_001/synthetic/dalle2/dalle2_020.png,synthetic,dalle2,,"if a NS, . ae fe Gy 1 ¥ Wael pase es ty, er se os a, pr. ay: eA ea tat 4g Se vi Ao ge vs bh Ta ae Bee ist it & st Kee) i is a",40,31.031811925,3,
dalle3_001,data/concepts/batches/batch_001/synthetic/dalle3/dalle3_001.png,/Users/houdamalki/Documents/GitHub/interpretable-synthetic-image-detection/data/concepts/batches/batch_001/synthetic/dalle3/dalle3_001.png,synthetic,dalle3,,— Ny ess =} a —— i tm = ig } = Pm H! § {= % =e =e 1 i oe i a) —« — a eine ee en ia f \\ ae Se UJ ¥) wy a pa 1 ii if) ad N \ ae < a,49,33.58273902040816,3,
dalle3_002,data/concepts/batches/batch_001/synthetic/dalle3/dalle3_002.png,/Users/houdamalki/Documents/GitHub/interpretable-synthetic-image-detection/data/concepts/batches/batch_001/synthetic/dalle3/dalle3_002.png,synthetic,dalle3,,"I —————— ac NN OS So a8 Z RS Ss SS ea S, S_—"" 9 3 =e ay) & SS S > AN gy \Y ay ES S S SS \) ws. xs SS SS Ss » a. A Ske 8 = (3 SS WSs SS r\\) ty Suet yy \ pi? __—= aie Bi | a A LB 4s SHDN i] oe | 2 ii il OTLEY NEY i aS ang Tt ia | % ~< a Mm X ™~i",81,37.69466330864197,3,
dalle3_003,data/concepts/batches/batch_001/synthetic/dalle3/dalle3_003.png,/Users/houdamalki/Documents/GitHub/interpretable-synthetic-image-detection/data/concepts/batches/batch_001/synthetic/dalle3/dalle3_003.png,synthetic,dalle3,,"ss. ‘ee i > > GD anil - Y Wit =— »S a 1}: ""en aa ie ah —_ (i \Z ge?",22,41.104859727272725,2,
dalle3_004,data/concepts/batches/batch_001/synthetic/dalle3/dalle3_004.png,/Users/houdamalki/Documents/GitHub/interpretable-synthetic-image-detection/data/concepts/batches/batch_001/synthetic/dalle3/dalle3_004.png,synthetic,dalle3,,"411 Li des) ube.) feck a ilsea, ‘a: LL) wa il \ ary dd Pe MS Ml fe hash) ay | ree ai b His re i ith st "" Bend” 3 a: IN be ea Y KA Z ae ths, , BE Hy Hs (sesh ELL ee r L| [| _ — — ek a aa i i is re a x = =",65,34.00157933846154,3,
dalle3_005,data/concepts/batches/batch_001/synthetic/dalle3/dalle3_005.png,/Users/houdamalki/Documents/GitHub/interpretable-synthetic-image-detection/data/concepts/batches/batch_001/synthetic/dalle3/dalle3_005.png,synthetic,dalle3,,ra eS By aK iN ey ay es Vi ie i fo on ov ¥ iy = | 1 NUL EE st Be tho | YG tilt i TTL pn fay oe “En na RTT y ii fit TEM im LL a alll “Lee aa uN ow,47,34.50705072340426,3,
dalle3_006,data/concepts/batches/batch_001/synthetic/dalle3/dalle3_006.png,/Users/houdamalki/Documents/GitHub/interpretable-synthetic-image-detection/data/concepts/batches/batch_001/synthetic/dalle3/dalle3_006.png,synthetic,dalle3,,"WY: M4 CR, | ‘y Co ™",7,28.60647585714286,3,
dalle3_007,data/concepts/batches/batch_001/synthetic/dalle3/dalle3_007.png,/Users/houdamalki/Documents/GitHub/interpretable-synthetic-image-detection/data/concepts/batches/batch_001/synthetic/dalle3/dalle3_007.png,synthetic,dalle3,3,"il N it tT Hi Se f 9 ee, = a Wi BAILOAAY LANO, SCLIED | i ait tit a a =! Z| i i i (! — Wi Be eT a aii Leal ‘ia > as LA EF — & o~ das Bi i MI* LL” <_ gt 1 iA = - 4",54,37.949335537037044,3,
dalle3_008,data/concepts/batches/batch_001/synthetic/dalle3/dalle3_008.png,/Users/houdamalki/Documents/GitHub/interpretable-synthetic-image-detection/data/concepts/batches/batch_001/synthetic/dalle3/dalle3_008.png,synthetic,dalle3,,hig z= 4 Wy WS W WS ——w ~ yi = a = AS \ ene Ze MS LEE a Rt —<,22,43.8061479090909,2,
dalle3_009,data/concepts/batches/batch_001/synthetic/dalle3/dalle3_009.png,/Users/houdamalki/Documents/GitHub/interpretable-synthetic-image-detection/data/concepts/batches/batch_001/synthetic/dalle3/dalle3_009.png,synthetic,dalle3,3,"_ “? pe"" aay a ‘a tr, — et OL or <a es Murs e7 uy = Che SS ” AG. qt ary \h} the a, « WW ill et ie AaDODy s ie e +T Lay} yy TT Ln Hy Qerwoee = Neat ty NI LI) » Ny, J x ey Mai i ek = ie Ste = a aay ll HL es b= SS if} > Se > et at <Li) en 3 (ot & © Gi <a; is —a | ~ | “ ARCHELOLOCI DI ROME ADORULOLUN, \y NN = VA y=” a OE ca Ear or i) 39 RE WK MN TT a, ee ae D0. ue",111,34.129948720720726,3,
dalle3_010,data/concepts/batches/batch_001/synthetic/dalle3/dalle3_010.png,/Users/houdamalki/Documents/GitHub/interpretable-synthetic-image-detection/data/concepts/batches/batch_001/synthetic/dalle3/dalle3_010.png,synthetic,dalle3,3,"AS — colt PUNE FY) [ie ve =e _ A, —_— RF oy. eT aN / 74 Z | mm i n, i pe = —% KS G se —_ fi I i] = li ll TINT idishieas 1 | | as ef J , ‘",46,34.812417456521736,3,
dalle3_011,data/concepts/batches/batch_001/synthetic/dalle3/dalle3_011.png,/Users/houdamalki/Documents/GitHub/interpretable-synthetic-image-detection/data/concepts/batches/batch_001/synthetic/dalle3/dalle3_011.png,synthetic,dalle3,2,\ N |e bi J ell | L ba al | Ba PL i es i on iy _ ul ] | ie iil 4,25,38.044589079999994,3,
dalle3_012,data/concepts/batches/batch_001/synthetic/dalle3/dalle3_012.png,/Users/houdamalki/Documents/GitHub/interpretable-synthetic-image-detection/data/concepts/batches/batch_001/synthetic/dalle3/dalle3_012.png,synthetic,dalle3,,"i a, ——— == — —— — ——— = mm » s / Sa od I . Pare a”",19,34.912145421052635,3,
dalle3_013,data/concepts/batches/batch_001/synthetic/dalle3/dalle3_013.png,/Users/houdamalki/Documents/GitHub/interpretable-synthetic-image-detection/data/concepts/batches/batch_001/synthetic/dalle3/dalle3_013.png,synthetic,dalle3,,"ail POS Sin) ei i MO aI Ss Sl \\ fa] #) NS er, Ae . cori iy ia) € i LY J) = re an NE ) TAN re ee ‘ brs qa ‘ ¢ & €. 5s",39,33.89612641025641,3,
dalle3_014,data/concepts/batches/batch_001/synthetic/dalle3/dalle3_014.png,/Users/houdamalki/Documents/GitHub/interpretable-synthetic-image-detection/data/concepts/batches/batch_001/synthetic/dalle3/dalle3_014.png,synthetic,dalle3,3,"4y ff | ea 1 Beto ie a O i nant! Ml E & [em HAUTE min aa, sa a) es ea ~ iF an iy ey ¢ bbe Mf / & a I ee me | it = 14 ins . ~~ GN Si i °D, di & & <3 se as say i 5, jn Li a’ can ae M8 i No J My Ej - yA sli",70,28.355249114285712,3,
dalle3_015,data/concepts/batches/batch_001/synthetic/dalle3/dalle3_015.png,/Users/houdamalki/Documents/GitHub/interpretable-synthetic-image-detection/data/concepts/batches/batch_001/synthetic/dalle3/dalle3_015.png,synthetic,dalle3,2,"Ldedheoal —— ave By fy - eet 7. a we lla ga” <A - © ver Ys “ E——E ‘ \ Ti —— a —_ ene ida y)) G, _. Uw weecteere ZA a’ ae =f oe -€ ®) — tJ dda iy he shed | td , A VT oe"" ayy ts dhl a ANN yyy met tel ly iff ) ) aa | ed ff lis ee il A : y — G l Many ee il al Dual a i la 7"" F = 5 ina",89,32.753936460674154,3,
dalle3_016,data/concepts/batches/batch_001/synthetic/dalle3/dalle3_016.png,/Users/houdamalki/Documents/GitHub/interpretable-synthetic-image-detection/data/concepts/batches/batch_001/synthetic/dalle3/dalle3_016.png,synthetic,dalle3,,"ae > a ee fF ee etn PA Wee aly AY = CPP 9h ware Ye"" iw. > hh Aer & Ny ‘ hh a f) Ny ue yt IQ CMY. at A Ca + ei j tr eet) & \\ a yp, Seta, Yj Gi, Y) iS oo \ ""Ye a are \ Wi yi fo) > Bi Sy, ue if \ Si 4 f/ is ss =\'% — \ =| NW W = \ Kr AN",78,35.895693743589746,3,
dalle3_017,data/concepts/batches/batch_001/synthetic/dalle3/dalle3_017.png,/Users/houdamalki/Documents/GitHub/interpretable-synthetic-image-detection/data/concepts/batches/batch_001/synthetic/dalle3/dalle3_017.png,synthetic,dalle3,3,"dy Y Bi &s ON \ = \ eS (ll | Ree Ze Sag) ‘| a | a” \ fs ] | mn? =X afb | Ti Li I Ie nme ae fi ut I e's: i SX Til} —— ==— UAA rt ——— Ig \ are) a\ he ONY Ta yl iw, — Wp 49 |= cf tacos of i",61,33.0955395409836,3,
dalle3_018,data/concepts/batches/batch_001/synthetic/dalle3/dalle3_018.png,/Users/houdamalki/Documents/GitHub/interpretable-synthetic-image-detection/data/concepts/batches/batch_001/synthetic/dalle3/dalle3_018.png,synthetic,dalle3,,"y nee 1 ia *, Nig dia ctn gf | we — —_— cz bs nL = — = = dj Se <atpatadatind * Bags",25,29.53304016,3,
dalle3_019,data/concepts/batches/batch_001/synthetic/dalle3/dalle3_019.png,/Users/houdamalki/Documents/GitHub/interpretable-synthetic-image-detection/data/concepts/batches/batch_001/synthetic/dalle3/dalle3_019.png,synthetic,dalle3,,“™ 3S SI <S eS me oS a WW ara * a i He Ee ee ¥ ese tw Y il —— sie Se me a ie <i ge ail SE,31,23.13829090322581,3,
dalle3_020,data/concepts/batches/batch_001/synthetic/dalle3/dalle3_020.png,/Users/houdamalki/Documents/GitHub/interpretable-synthetic-image-detection/data/concepts/batches/batch_001/synthetic/dalle3/dalle3_020.png,synthetic,dalle3,,"i) ¥ a OM, See) a = ee * oe = S mae 22 ke ca’ gn Set",18,32.55294205555556,3,
firefly_001,data/concepts/batches/batch_001/synthetic/firefly/firefly_001.png,/Users/houdamalki/Documents/GitHub/interpretable-synthetic-image-detection/data/concepts/batches/batch_001/synthetic/firefly/firefly_001.png,synthetic,firefly,,"AS * 8 as VW Po Pee g Bs SP», aN ee es see y Aes | Na Ve <e"" mg aw ~~ san a V ¥ ou » 433 Ce Ep SN. e xX | f > SN Biba! ae ‘SS = SEN SN a at cs iat 4 aS &: | f’ ui (b a ay Ieee et y 7 5 me 3 ae A Vy fF. Mt ee ee “q f Sa ie ‘alae Looe —— an W eu I MA iay hit ly Vi {| ) ef (s oN Pad) ot DN 1 Lae Py {) . = @ 1) i) We NM y y # =| Ses | | ase 4%5 Vi = h A 2 ""A ‘| & i) — J = ea i A] 2 —= === ef = a ee of —— ia el —— 4 J = —— 4 ——— oN SS _ eee ee es se Z",157,34.9257911656051,3,
firefly_002,data/concepts/batches/batch_001/synthetic/firefly/firefly_002.png,/Users/houdamalki/Documents/GitHub/interpretable-synthetic-image-detection/data/concepts/batches/batch_001/synthetic/firefly/firefly_002.png,synthetic,firefly,3,"ne EF ee need ———— —— ee 2a a $$ DC JU ——— T — ~— “| oS “2 SW ‘LA a, yf acl Gi A S a |) * Cay pre i) | =) | ie bo] bi YF bY is Pe AY Y i Ly ey, j wo ye yd y Lf a __ = — Ca | 1 fe | pt Ry BING 0 ' WA fy aie avs | BPR) SFG 2 EON wk. li iia",80,32.857796137499996,3,
firefly_003,data/concepts/batches/batch_001/synthetic/firefly/firefly_003.png,/Users/houdamalki/Documents/GitHub/interpretable-synthetic-image-detection/data/concepts/batches/batch_001/synthetic/firefly/firefly_003.png,synthetic,firefly,,"\ RS Ny l\ 1 WW Lay oq \\ Be, ma re a Sa ovo! — 4 —= Se —e \ 7{N ap we ea — ae \, aan ) \ SSS a = p> \ I/. \) i te) 'g S> 4 @ a: AP Get * bel ly Ji aay f oud aie a ae Qe Be. = \",61,34.1061747704918,3,
firefly_004,data/concepts/batches/batch_001/synthetic/firefly/firefly_004.png,/Users/houdamalki/Documents/GitHub/interpretable-synthetic-image-detection/data/concepts/batches/batch_001/synthetic/firefly/firefly_004.png,synthetic,firefly,,"SS = | <a : “ty, Ian Sa, L AS i se 1 | —"" » a¥h,. |i ed p\ y) i fF (B cr AE ee ak) UA ne, >a 4 & \% wa | iS oh A \® | Fi om * 7 AT. 4 4 7 a ye ile S| a} ¥ iy i, | || be ~ we a ai Bs « i ec 1S 3 A Va. ae I es i ¢ g he i v cn) \| ere | YO Wiey eK. ONT ag i & ea | 4 Cx —— ig & | ¥ Nal - 4 ¢ | } MAN uy. ee | It ae uoninp i Ke WW) aan | eau <e i \ SS | \"" i] | | Altona | ay —= — a yf = ht , DA <4 a\ ify | f | t AN (WZ. == i ‘ Pm \ ‘ ] \As~ \d ajf> q] ae \ \ ‘an fh fia \ —- } am 4 ak: a ale yyil ] bd FZ \ |! Le — =~ 3 ry Va er Se Jy { a. ey SS Segal eS; 3, a — VV oa ig, ae” wt —— 1, pF ae \ ey) LET) 7 try tay",213,37.17659520187794,3,
firefly_005,data/concepts/batches/batch_001/synthetic/firefly/firefly_005.png,/Users/houdamalki/Documents/GitHub/interpretable-synthetic-image-detection/data/concepts/batches/batch_001/synthetic/firefly/firefly_005.png,synthetic,firefly,,"Bs < =e pie: ny. > | \\ \ oR ae N\ le Pe Ni & is Kg mm a eS welt ~ \ »\ ae 3h ee yy Se i ti a, PX ‘i Lt | i. té ™ \ Lg SAS Ne al \ NN SS SS SNS S vy N SA (f SSS \ — td NY = i) oF 5 Fa iif Lk <i VN i i \ mY x SS N Bar wer M Pa if f) ip i a ( i a R A rl WN h it “ ta,",96,33.98067982291667,3,
firefly_006,data/concepts/batches/batch_001/synthetic/firefly/firefly_006.png,/Users/houdamalki/Documents/GitHub/interpretable-synthetic-image-detection/data/concepts/batches/batch_001/synthetic/firefly/firefly_006.png,synthetic,firefly,,"S aS Va dip V=—. e ISR ZEN l) in & Re "" be iD a Ef oe rae on yo AN =i NI iS ee C C7] A y _ Ee ow pi) we Lhe ""ily ZB 3 al eck | R\) A (CAS Bi SS AN im. pe \ y ws a gf NG a \ 4 A Re ion EZ 4 i [N i= ar A: \ yy ae S ee aa y =a 3 Pi - BY y x Z KK se a col ety a ee WN \h Hi le So a CFI Ys V oe Ol we \ aS La RE <n Nios *s Gy Ce 4 de L Ye et eS oh: BS, =a cs lake | (cae z Ws Wa ioe Ore IS oan: itt aN vy a SNS A We ates \ US = yf ) ic \t Sa \\ ( a /f\ Ww Z a4 ii 7-4 =a mason, Bz = BR =< ~ it u is —— $ ————— 15 Ber He es ae pic Nias eer. Sa",179,28.65719739106145,3,
firefly_007,data/concepts/batches/batch_001/synthetic/firefly/firefly_007.png,/Users/houdamalki/Documents/GitHub/interpretable-synthetic-image-detection/data/concepts/batches/batch_001/synthetic/firefly/firefly_007.png,synthetic,firefly,,"¢™ * A"" “oer i 4 .% oP? Mr - Pail a/ he wie > Sy a es ail] =. 7 ie —~ eee a “./% % ~~ iy Mpg mm — ma",33,37.47740657575758,3,
firefly_008,data/concepts/batches/batch_001/synthetic/firefly/firefly_008.png,/Users/houdamalki/Documents/GitHub/interpretable-synthetic-image-detection/data/concepts/batches/batch_001/synthetic/firefly/firefly_008.png,synthetic,firefly,,"ieee = ‘ A = | 4 P| te Ved -_,, i 3 wa i"" hil is = | fe =a oe Se —_—-",24,32.399465541666665,3,
firefly_009,data/concepts/batches/batch_001/synthetic/firefly/firefly_009.png,/Users/houdamalki/Documents/GitHub/interpretable-synthetic-image-detection/data/concepts/batches/batch_001/synthetic/firefly/firefly_009.png,synthetic,firefly,,cg ae | my \ —_ yy S \ NN eo r — I | \ a A 4 | — 8 ja fo SY 7) ae | AY “a ~ & SO 1 ge NN | Sn 0 a <a ~L| i | ' od \—— Ee INS | p ail |i is > aly i | Log rs al cae | a SS ie 1 e — ea b pail | | i —— i... | ——— | kL — = —! Li i bees et ia) iv LE | AD ten © a aA B ae i he ft YA “| a We ' i: al \ i as | esa | | ING iG mS ib K | ‘i Dh / Il ee be Ki “S\ le IN a SS @ be y —< 4 | tay == co™~ | a z/ a == a = =a —_— = = ==. EE | T pe | fi a = | | i _ in (a4 Lj eS a Baas ae Wise Dewan RY. — i) Bl say 2 cn Gs a,185,36.752503897297295,3,
firefly_010,data/concepts/batches/batch_001/synthetic/firefly/firefly_010.png,/Users/houdamalki/Documents/GitHub/interpretable-synthetic-image-detection/data/concepts/batches/batch_001/synthetic/firefly/firefly_010.png,synthetic,firefly,3,"ta | eS y A SA, BE oe Yi Jo a ‘| U a ee gE a aby f I 4 i! | Ay J calls "" Zz Ly | a B oe Za iz L —— Ar iil Ae Z BA LB 7 te aa me a EEF A. a i Gar ib W - = TS 2a | ae — a Bs \ \ & Se I os A ‘a a ae SS ph wo Y IV = ‘ = fab, | i uit % = AR al iy bel yi uxt 2) | Mt I i | are af, —— | Ll MI £ i) i) i\ | | | I] Il | smal ia — y 1 a i B Fs f ee sa a == : ae - Hs a Ss a w",138,37.01520837681159,3,
firefly_011,data/concepts/batches/batch_001/synthetic/firefly/firefly_011.png,/Users/houdamalki/Documents/GitHub/interpretable-synthetic-image-detection/data/concepts/batches/batch_001/synthetic/firefly/firefly_011.png,synthetic,firefly,,"t— ~, oe ae y",5,21.955641,3,
firefly_012,data/concepts/batches/batch_001/synthetic/firefly/firefly_012.png,/Users/houdamalki/Documents/GitHub/interpretable-synthetic-image-detection/data/concepts/batches/batch_001/synthetic/firefly/firefly_012.png,synthetic,firefly,,a] ce 4 ‘A \ Na te | {} | ~ mn | fey a= ‘ SS = ” @. p-—— ~* | aN ie — Ww —e \ i ‘ ft i y | ! 4\ a er =u f is = (2 a a= ae. oe > a a B& = = net = _— °©@06@,58,35.489234206896555,3,
firefly_013,data/concepts/batches/batch_001/synthetic/firefly/firefly_013.png,/Users/houdamalki/Documents/GitHub/interpretable-synthetic-image-detection/data/concepts/batches/batch_001/synthetic/firefly/firefly_013.png,synthetic,firefly,,"es sae = a eee | om = i ~o~ pm, (nas MB at ‘3 wT ne a ii hg ae ce P| a N \ bf] tt Se St ‘f ‘ke =} \ ANN v5 —a\ é | Vy \\ ee — 7] —— * Sf Lp i ——\ Ve —— —S <— idol! al (3 > eo i i ers \ L— = — SS Ss <A LLG er wh THY vy »~ hh? V, = ess <n We - vo Saki’. wt Se Me A",88,32.63678010227272,3,
firefly_014,data/concepts/batches/batch_001/synthetic/firefly/firefly_014.png,/Users/houdamalki/Documents/GitHub/interpretable-synthetic-image-detection/data/concepts/batches/batch_001/synthetic/firefly/firefly_014.png,synthetic,firefly,,"/\ ad IRR a) oe =. _ A li dy os Pe —_ ‘Ss nay ae ee “a aot Re Oe —- 4 ie ihe is a — oe ry N ib aa ee bn a fiat A ae it = ae = = Tah '— ese vat aa Ce fia % erm i uss & ¥ ——e ———— —E a on HF me us ae ae Pe 48, re ee oe. i te i | ze oo aT ae ae E oh. ba Es tay, te io a 3 res ar or ek Ae soe = at = = i F the, eS eh ae aa) ei Kies J = V4 “4 < ee a ay Bas 2a = = * La = =. 4 Bs) a, il! == a ‘ha [— ie >. a | Bo cy iy aM ii i= if 24 al — ZL | : d a ee) & Fi oak, me = [aly / =, fe il {| at / == SS = es \ s le e— be A fi — — ee hi A\ ef ( o | oe .. a y ws =a u — a Rd: yi Mi ae < (\ {4 | = = awe EE we rs) * yy i! eo a - dg Re \ ean",219,31.989782803652968,3,
firefly_015,data/concepts/batches/batch_001/synthetic/firefly/firefly_015.png,/Users/houdamalki/Documents/GitHub/interpretable-synthetic-image-detection/data/concepts/batches/batch_001/synthetic/firefly/firefly_015.png,synthetic,firefly,,a if VF »e.% a A | ie aS A wee —— Ss FM —. >,16,32.917221,3,
firefly_016,data/concepts/batches/batch_001/synthetic/firefly/firefly_016.png,/Users/houdamalki/Documents/GitHub/interpretable-synthetic-image-detection/data/concepts/batches/batch_001/synthetic/firefly/firefly_016.png,synthetic,firefly,2,"df hs es = ah oe ey une ‘Buk bs c i (mee pe | (os aoe. gs — om ra <_. ae 9 t oo, Ba te 4 oe = ae a 1 - oe ae és sick ¥ Te ee E a <> re: See oo SRG ge ay Piss —_—— eee: some is: « os oe = Legs ob & a (es =e Ce: rs ie. ony Te a oe nd C) ft, pra Ea Way ee v a = » 4 ie f hd {oS a Ws ae, ELDON 4 a ase pe a a ii 4A alos My Et ay | aa a |” a ty A} ia # oo a gy — i aaly Ala =. sie it aan WN ee —_ se coo ae oe 4i ee fos. .] ae, ea \ a = i cs lee] Nai LY PE ape N ii ls ct rj es L =i a ae Ta =r a, LN =! S 7 ee a Sia i =e oa = = dn Lp os 4 Lay Le Le ly re Eee es | oe asa EE ace Leet! 4 ———= = rae ie \\ | = —— ~~",200,32.509424870000004,3,
firefly_017,data/concepts/batches/batch_001/synthetic/firefly/firefly_017.png,/Users/houdamalki/Documents/GitHub/interpretable-synthetic-image-detection/data/concepts/batches/batch_001/synthetic/firefly/firefly_017.png,synthetic,firefly,,"ay Nez wy ma = cas fe eS Ly ey, a SA 2. ‘e Wy 4 i ee se — £ Fa @ At es Ti er Bio 38 <i eS eK sy om a ae Eg one a rot ae =< ge 2G As zh Oe ~~ au a I. ih ti ji ve %5 OR Ps ae Ati HS A) ws. fe bo zoo! fy FS x \ AS a: i Ft Ag = Bs Le e. Hi USE si G \ af v “i ie is VS be itt ee Bip. oi ei 44 By: & fre es, HLS, x iy teas SS 3 . Ese. ee aii fie Za FasL ap SS! ee oe 4 fe =) ‘sea i < os SS Ce ws ore at al Soy a3 r is es = — Z a, ‘2 ae 8 Se oS: az Z eae ue BoA, cas 6G 6 ee ds ae 5G; fl eos ag Ate & a PSS 7 ae ce “2 ae ¥ ee FZ te = El as —_ 3 — = = 7a me Ae i & ww ey 3 ¥ as ee ws Aer = rere s =e ly S, DG yj by of Se eet Zi Ss ig aa a ae S 7G me y <G v2 “te Ae Sy ES: sei ie 3 Pe g DS fs Pe oe en aa ie i Ph yee ee © (gl oe Gi ees a y 44 ge i aoe 6, ts if oS am a ay. 53 — wee _SP4 ~ Sie g G is So, ut ‘i. Ves Ry ne tia yy nee ES: 1 ae <h ce oe a bi S Ss Ww Mes fee nis = ee aS 3%, ae ~ en wee ora Y Z =e a a Y AP °F, SZ o w nis > @ 1e ©: AS Ps L oy ry Pa w et w@ Hy & She ig ae = 4 5 tas $6 di es is Sa & ¥ \ ty fh ras is S i 4 i 2 si af ee KO ay BSS ag & os ee A es = = wv ae ) £- ei ie oi a % ee ie ee aa ie yet ay Mi ay * oe = ox) iy eé iF Re z Ss. = E cae = 2 ot ES Lp G. ic wae ie v ig a= A Fe % Ise Ae i il x DE me 4s ites ri ey “ Ag a iy: ¢ ¥ ee a ay Bee x ae oie be: fs a Are a og ee as, i ee ou “6 peed A ¥ Be, a ae ie < a yy wx is ee ae xa je ih on i we EY As He, Re A pe ie m",472,28.895265669491526,3,
firefly_018,data/concepts/batches/batch_001/synthetic/firefly/firefly_018.png,/Users/houdamalki/Documents/GitHub/interpretable-synthetic-image-detection/data/concepts/batches/batch_001/synthetic/firefly/firefly_018.png,synthetic,firefly,,"s "" 7 -—— = ae — os = = — = oa Es —— ———— = —_—— + SeasaiSe SSS S —— —_ =a —————4} —— SSS —S—S]S } ——————————— ———— —S—S—SS—SS= — ——— _————— —— — —— S ——— ee a _ Stes if — comment a ae —— ee E ~ tie mais —— —- setae",59,31.000158203389827,3,
firefly_019,data/concepts/batches/batch_001/synthetic/firefly/firefly_019.png,/Users/houdamalki/Documents/GitHub/interpretable-synthetic-image-detection/data/concepts/batches/batch_001/synthetic/firefly/firefly_019.png,synthetic,firefly,,"—_— ioe , £) . i] ee a. Lot ‘ OS, hg a) be be hy > | WV . a =e be 3 yx | 1 — er aw? Pid Ew a . 4 MR ak. ————— >» at me a aw Y iat a) a}, PAN ee AN i | Nak 4 AN ae Net a Wand 7 Wi —~ * bi Vr % | A I e 4 4) 7% Th | ee > (Abad ea 7 ~~ me yo ex *eP . a we > pers \ 8 4 Fey re WN ay x pty ale = —— sa oo we A ane ie eine",109,31.50755713761468,3,
firefly_020,data/concepts/batches/batch_001/synthetic/firefly/firefly_020.png,/Users/houdamalki/Documents/GitHub/interpretable-synthetic-image-detection/data/concepts/batches/batch_001/synthetic/firefly/firefly_020.png,synthetic,firefly,,"“2. * =e ~~ + (a wi a poy \ fucka —~ ode q % “Red } WF ” eke al 1S ad hg * ale 4 $4 aé — oa otal peek lJ ye, al Spy’ L m2 pr af) ; S i ie lj iy, SS N a x“ oN, < 1 rl a #* > os si AR fy",62,33.59603666129032,3,
midjourney-v5_001,data/concepts/batches/batch_001/synthetic/midjourney-v5/midjourney-v5_001.png,/Users/houdamalki/Documents/GitHub/interpretable-synthetic-image-detection/data/concepts/batches/batch_001/synthetic/midjourney-v5/midjourney-v5_001.png,synthetic,midjourney-v5,,N“ | E | i | 9 aly \ <i iN\ | = bt - y i) A | — it] | L weoer me aie,26,35.47053330769231,3,
midjourney-v5_002,data/concepts/batches/batch_001/synthetic/midjourney-v5/midjourney-v5_002.png,/Users/houdamalki/Documents/GitHub/interpretable-synthetic-image-detection/data/concepts/batches/batch_001/synthetic/midjourney-v5/midjourney-v5_002.png,synthetic,midjourney-v5,,ill he iI e | a it : pt: \ hy | 9 ee — oo — ws,18,41.578142222222226,2,
midjourney-v5_003,data/concepts/batches/batch_001/synthetic/midjourney-v5/midjourney-v5_003.png,/Users/houdamalki/Documents/GitHub/interpretable-synthetic-image-detection/data/concepts/batches/batch_001/synthetic/midjourney-v5/midjourney-v5_003.png,synthetic,midjourney-v5,2,w) ——— noe oak) dan : darn A a - Os \¢ SS a,14,28.922958499999996,3,
midjourney-v5_004,data/concepts/batches/batch_001/synthetic/midjourney-v5/midjourney-v5_004.png,/Users/houdamalki/Documents/GitHub/interpretable-synthetic-image-detection/data/concepts/batches/batch_001/synthetic/midjourney-v5/midjourney-v5_004.png,synthetic,midjourney-v5,,ne ee aoe = S ao i fe a Bes a = = 3 Le . 7 a z yj i \Aa AA Eo] meet a a = { Ss L s=_ Ze Ss = iy — = ——— tee pes,41,28.870545999999997,3,
midjourney-v5_005,data/concepts/batches/batch_001/synthetic/midjourney-v5/midjourney-v5_005.png,/Users/houdamalki/Documents/GitHub/interpretable-synthetic-image-detection/data/concepts/batches/batch_001/synthetic/midjourney-v5/midjourney-v5_005.png,synthetic,midjourney-v5,,"4 < ri \* 3h e de rns @ get, ao ‘gs 4 iy Sd « ~ th ne ae ey et s a ad i"" i». % vz Psi ¥s, rips I ONG ES ore xe ¥¢ i) pep { if 18, ‘ é 3H ee & i (ea Y a f i 1 ee $i ¢ ® ae } eas Hi as eee i e a é, e-4 ee oe ee _ # Ed & Za Paes Ss —— ae: yf? eoy, tbe fo” 6 itd",88,28.42473570454546,3,
midjourney-v5_006,data/concepts/batches/batch_001/synthetic/midjourney-v5/midjourney-v5_006.png,/Users/houdamalki/Documents/GitHub/interpretable-synthetic-image-detection/data/concepts/batches/batch_001/synthetic/midjourney-v5/midjourney-v5_006.png,synthetic,midjourney-v5,,"= ie * a =— HT, = —— fae , \e si .n ee GE ge ce = ae i iy | ty",23,35.583715000000005,3,
midjourney-v5_007,data/concepts/batches/batch_001/synthetic/midjourney-v5/midjourney-v5_007.png,/Users/houdamalki/Documents/GitHub/interpretable-synthetic-image-detection/data/concepts/batches/batch_001/synthetic/midjourney-v5/midjourney-v5_007.png,synthetic,midjourney-v5,,"Sy & . v ne iY 4 a i us Se vey Le ee i 6 A Litiild ike aS a ve he, = te a —s",27,24.83095711111111,3,
midjourney-v5_008,data/concepts/batches/batch_001/synthetic/midjourney-v5/midjourney-v5_008.png,/Users/houdamalki/Documents/GitHub/interpretable-synthetic-image-detection/data/concepts/batches/batch_001/synthetic/midjourney-v5/midjourney-v5_008.png,synthetic,midjourney-v5,,"“4 = ie -_ | | \ oe vo I UT Wl ie & ont ‘He \ a a I a i Ri sat, te mee me = ee Vy i gee = ie o “ O& & Ps,",39,33.87349566666666,3,
midjourney-v5_009,data/concepts/batches/batch_001/synthetic/midjourney-v5/midjourney-v5_009.png,/Users/houdamalki/Documents/GitHub/interpretable-synthetic-image-detection/data/concepts/batches/batch_001/synthetic/midjourney-v5/midjourney-v5_009.png,synthetic,midjourney-v5,,"be ""a =z yi te s Wy . ~ ao = — a iu a8 . wide ke = ee a — e — = ae, on a, c . one i se a eC ae ae <a Se: a = ~~ ~~",43,24.952222930232555,3,
midjourney-v5_010,data/concepts/batches/batch_001/synthetic/midjourney-v5/midjourney-v5_010.png,/Users/houdamalki/Documents/GitHub/interpretable-synthetic-image-detection/data/concepts/batches/batch_001/synthetic/midjourney-v5/midjourney-v5_010.png,synthetic,midjourney-v5,3,"~~ = if? a me 2) y: Itolo, + Meee &e uf | Me yy fl) Filla LU ef LE al oe oe = a : . — ais — St “tig fgRs ins 4 Ct",36,23.438531972222222,3,
midjourney-v5_011,data/concepts/batches/batch_001/synthetic/midjourney-v5/midjourney-v5_011.png,/Users/houdamalki/Documents/GitHub/interpretable-synthetic-image-detection/data/concepts/batches/batch_001/synthetic/midjourney-v5/midjourney-v5_011.png,synthetic,midjourney-v5,,"i a= i) ———— PZ A i, AF eT > ten 7 ——",13,28.63020884615385,3,
midjourney-v5_012,data/concepts/batches/batch_001/synthetic/midjourney-v5/midjourney-v5_012.png,/Users/houdamalki/Documents/GitHub/interpretable-synthetic-image-detection/data/concepts/batches/batch_001/synthetic/midjourney-v5/midjourney-v5_012.png,synthetic,midjourney-v5,,"Rey Ma c- PA 5 \ v neh, i) ge pox. TU i | i] y ay, > aise. 1] NY Az Ww \",24,30.647945833333335,3,
midjourney-v5_013,data/concepts/batches/batch_001/synthetic/midjourney-v5/midjourney-v5_013.png,/Users/houdamalki/Documents/GitHub/interpretable-synthetic-image-detection/data/concepts/batches/batch_001/synthetic/midjourney-v5/midjourney-v5_013.png,synthetic,midjourney-v5,,"- = 7 «= a @., 2 w= « -_ ~ hei cauy a > ee a en % 4) ‘N jf é Ry 4 e Ee z",28,29.294808999999997,3,
midjourney-v5_014,data/concepts/batches/batch_001/synthetic/midjourney-v5/midjourney-v5_014.png,/Users/houdamalki/Documents/GitHub/interpretable-synthetic-image-detection/data/concepts/batches/batch_001/synthetic/midjourney-v5/midjourney-v5_014.png,synthetic,midjourney-v5,3,"| 3. 4 y =H I foie. ra ae MAY | | | "" | | Ay a hae — a x ee oe (ESTES | —— —",28,41.3460675,2,
midjourney-v5_015,data/concepts/batches/batch_001/synthetic/midjourney-v5/midjourney-v5_015.png,/Users/houdamalki/Documents/GitHub/interpretable-synthetic-image-detection/data/concepts/batches/batch_001/synthetic/midjourney-v5/midjourney-v5_015.png,synthetic,midjourney-v5,,Mie ae Re i Mis a “iia Sy — Tas. ats TES,12,26.089453250000002,3,
midjourney-v5_016,data/concepts/batches/batch_001/synthetic/midjourney-v5/midjourney-v5_016.png,/Users/houdamalki/Documents/GitHub/interpretable-synthetic-image-detection/data/concepts/batches/batch_001/synthetic/midjourney-v5/midjourney-v5_016.png,synthetic,midjourney-v5,,# 1 \ yt a fe Sa) “ is i pial fy 3 a ies i a. ae e a PZ =~,22,33.83164081818182,3,
midjourney-v5_017,data/concepts/batches/batch_001/synthetic/midjourney-v5/midjourney-v5_017.png,/Users/houdamalki/Documents/GitHub/interpretable-synthetic-image-detection/data/concepts/batches/batch_001/synthetic/midjourney-v5/midjourney-v5_017.png,synthetic,midjourney-v5,,"Vv * py, >» f Ae S >, ~~ van a ¢",12,39.36530391666667,3,
midjourney-v5_018,data/concepts/batches/batch_001/synthetic/midjourney-v5/midjourney-v5_018.png,/Users/houdamalki/Documents/GitHub/interpretable-synthetic-image-detection/data/concepts/batches/batch_001/synthetic/midjourney-v5/midjourney-v5_018.png,synthetic,midjourney-v5,,es. > Be RS nga ¥ RY AA wanadin —~ ; Se og FERS FY dis aaa ‘ deabe dts: <j ae Ue eS pe ere Rh ts,28,21.05280392857143,3,
midjourney-v5_019,data/concepts/batches/batch_001/synthetic/midjourney-v5/midjourney-v5_019.png,/Users/houdamalki/Documents/GitHub/interpretable-synthetic-image-detection/data/concepts/batches/batch_001/synthetic/midjourney-v5/midjourney-v5_019.png,synthetic,midjourney-v5,,"& *< Fs oe ol a4 Whey ad a . a en RES a. Sat Ay. ae See fs dee ioe me oe Yas, o Wi BON, ih me a ee {ee GG, a watt CH. Bel x7 LINN A i ‘\\\ ee \Y",44,25.70986065909091,3,
midjourney-v5_020,data/concepts/batches/batch_001/synthetic/midjourney-v5/midjourney-v5_020.png,/Users/houdamalki/Documents/GitHub/interpretable-synthetic-image-detection/data/concepts/batches/batch_001/synthetic/midjourney-v5/midjourney-v5_020.png,synthetic,midjourney-v5,,"x ae = oe Sn s = Re re =e ee oe i es = = we ae ae ~~ ee ss — i cer eo ~ < = - hd = s ig Z s im Ss fuk rege iy i § —— S “e N Cae = - oe of a = less oe ss oe . Dee oy ., y ap wd a . 4 ie . RY oo Laie a wy",75,26.868306,3,
stable-diffusion-xl_001,data/concepts/batches/batch_001/synthetic/stable-diffusion-xl/stable-diffusion-xl_001.png,/Users/houdamalki/Documents/GitHub/interpretable-synthetic-image-detection/data/concepts/batches/batch_001/synthetic/stable-diffusion-xl/stable-diffusion-xl_001.png,synthetic,stable-diffusion-xl,,bh oe h ay SF i poe NG G Ps ( — —— =e AN — Se gl. — << = te? e F nd atten,26,35.60017134615384,3,
stable-diffusion-xl_002,data/concepts/batches/batch_001/synthetic/stable-diffusion-xl/stable-diffusion-xl_002.png,/Users/houdamalki/Documents/GitHub/interpretable-synthetic-image-detection/data/concepts/batches/batch_001/synthetic/stable-diffusion-xl/stable-diffusion-xl_002.png,synthetic,stable-diffusion-xl,,"ib I \) ie «| te % w wy Me) — (SS \ 7, wd i Rez N Ae WW iS. ae 9, hi i rn / he ae",29,28.488748655172415,3,
stable-diffusion-xl_003,data/concepts/batches/batch_001/synthetic/stable-diffusion-xl/stable-diffusion-xl_003.png,/Users/houdamalki/Documents/GitHub/interpretable-synthetic-image-detection/data/concepts/batches/batch_001/synthetic/stable-diffusion-xl/stable-diffusion-xl_003.png,synthetic,stable-diffusion-xl,3,"Pat Va, Sa Ss 7 hep ce aa % Wc) @t et 4 By SE =) ¢ & v (Ma) Wa Ay a. 1 a ad V7 that “Sa oe 2* =e < ety ae Ste yt : SS %& as Se 2 2 ae > vee Se a BS es ay me Tee a ke, ( oe € a: cay S — t ~~ eo. L bile LAy, ony Ve § if es NY ~~ i * ay Ai a 4 ie as ae _— a Pd << Mt NN eo San Ma os fe, ia) => Fi sop ek, on We je peer ke ree en. a pee gn pm er ian «",115,28.932388147826085,3,
stable-diffusion-xl_004,data/concepts/batches/batch_001/synthetic/stable-diffusion-xl/stable-diffusion-xl_004.png,/Users/houdamalki/Documents/GitHub/interpretable-synthetic-image-detection/data/concepts/batches/batch_001/synthetic/stable-diffusion-xl/stable-diffusion-xl_004.png,synthetic,stable-diffusion-xl,,i Bis sig Ay F ae rc ae ay ae or ee be igre PRE salts Zi Os Bi a Till i i. a = moe ve: fe — Bh Seay? ed = “3,34,26.78351788235294,3,
stable-diffusion-xl_005,data/concepts/batches/batch_001/synthetic/stable-diffusion-xl/stable-diffusion-xl_005.png,/Users/houdamalki/Documents/GitHub/interpretable-synthetic-image-detection/data/concepts/batches/batch_001/synthetic/stable-diffusion-xl/stable-diffusion-xl_005.png,synthetic,stable-diffusion-xl,,"ee MN 2 ; SS mR, a= a a) i Ae) ee ( NN vNR or \ > AN a ih Me if = uit ”-.. A>. = va > . # \ Ae as => Re 1} on g AY cee’ ae Sw | Ny. {] \. Ne 17 >) f ee 1) i a oe Gs J » Wao hig Nie # ‘e aw a } eV ™~“ bh 3 <2 & y, ""a SN a” \ g\\’s \ Ly : i\\ \ wa \\",87,31.995925034482756,3,
stable-diffusion-xl_006,data/concepts/batches/batch_001/synthetic/stable-diffusion-xl/stable-diffusion-xl_006.png,/Users/houdamalki/Documents/GitHub/interpretable-synthetic-image-detection/data/concepts/batches/batch_001/synthetic/stable-diffusion-xl/stable-diffusion-xl_006.png,synthetic,stable-diffusion-xl,3,—LN = = — PARVCUA TELATIO YIONNE | TRMO MP —= ¥e gil V2 we IZ Nel | \ ami A) — ed i> py a | A Leas bal e - a ik a,35,45.71624102857143,2,
stable-diffusion-xl_007,data/concepts/batches/batch_001/synthetic/stable-diffusion-xl/stable-diffusion-xl_007.png,/Users/houdamalki/Documents/GitHub/interpretable-synthetic-image-detection/data/concepts/batches/batch_001/synthetic/stable-diffusion-xl/stable-diffusion-xl_007.png,synthetic,stable-diffusion-xl,,"ED ccitaeeee- De SP 2S Peters > SAS “y= AN ee ay bet = <7 Ne AP SNe, an = ON Me a par TZ, “a ye » 4 aN May % > as ar” se 0 oresceaie/ ee —— FZ ———— a —",44,34.37266161363636,3,
stable-diffusion-xl_008,data/concepts/batches/batch_001/synthetic/stable-diffusion-xl/stable-diffusion-xl_008.png,/Users/houdamalki/Documents/GitHub/interpretable-synthetic-image-detection/data/concepts/batches/batch_001/synthetic/stable-diffusion-xl/stable-diffusion-xl_008.png,synthetic,stable-diffusion-xl,,Ss =3 Tecan AY Be Sv ‘ ty = (ft P| ast h Bs we e AN ae fe Hy Rest ae ah quem: ae 8 sere ie se a at £ x Fe eg peri,36,25.653388944444444,3,
stable-diffusion-xl_009,data/concepts/batches/batch_001/synthetic/stable-diffusion-xl/stable-diffusion-xl_009.png,/Users/houdamalki/Documents/GitHub/interpretable-synthetic-image-detection/data/concepts/batches/batch_001/synthetic/stable-diffusion-xl/stable-diffusion-xl_009.png,synthetic,stable-diffusion-xl,,a Phat bt es SP 2S OOK O OES 2056 O66 BSOOO DS” SVS é\ os =a bz & ff fe X A) “> 4 Lf aia '|@ ae) IS Vv << ee ae 2 Rr COOL D He & SORE,41,29.086178756097564,3,
stable-diffusion-xl_010,data/concepts/batches/batch_001/synthetic/stable-diffusion-xl/stable-diffusion-xl_010.png,/Users/houdamalki/Documents/GitHub/interpretable-synthetic-image-detection/data/concepts/batches/batch_001/synthetic/stable-diffusion-xl/stable-diffusion-xl_010.png,synthetic,stable-diffusion-xl,,= 2 — = a Z Z ie a ZS 2 — - — = == = ten — ee S,21,28.493474571428568,3,
stable-diffusion-xl_011,data/concepts/batches/batch_001/synthetic/stable-diffusion-xl/stable-diffusion-xl_011.png,/Users/houdamalki/Documents/GitHub/interpretable-synthetic-image-detection/data/concepts/batches/batch_001/synthetic/stable-diffusion-xl/stable-diffusion-xl_011.png,synthetic,stable-diffusion-xl,,"~ “ay, x Ve && 2 ay & ‘sam. “lis {a + = 4 » ae -_ ye, ® <} Ad xs .",23,31.706360347826084,3,
stable-diffusion-xl_012,data/concepts/batches/batch_001/synthetic/stable-diffusion-xl/stable-diffusion-xl_012.png,/Users/houdamalki/Documents/GitHub/interpretable-synthetic-image-detection/data/concepts/batches/batch_001/synthetic/stable-diffusion-xl/stable-diffusion-xl_012.png,synthetic,stable-diffusion-xl,,"Pan ef te 4 ed wr BR Sac, 32 eh ot ke q wae es oe i fe eS aes : j Be sitet eis Ae, ee ee “ZA me = Be! € Fe eee ic Sor enaem 8e eg ae he i . ie, (ee G43 = —- 7; =o aah stb. oy =r ie 2",57,26.556389210526316,3,
stable-diffusion-xl_013,data/concepts/batches/batch_001/synthetic/stable-diffusion-xl/stable-diffusion-xl_013.png,/Users/houdamalki/Documents/GitHub/interpretable-synthetic-image-detection/data/concepts/batches/batch_001/synthetic/stable-diffusion-xl/stable-diffusion-xl_013.png,synthetic,stable-diffusion-xl,2,se a \ Lx Ae | yf} =v KY Zi Bo ee Ry ™ i va iE ae is Ma li Bi CGpie % ‘yee at s Ng A | E| \e ig ge Bee Ab ee fk See ih Pe LT se pe rig iy aS eae yes ys pi A a i b iz,56,33.97542046428571,3,
stable-diffusion-xl_014,data/concepts/batches/batch_001/synthetic/stable-diffusion-xl/stable-diffusion-xl_014.png,/Users/houdamalki/Documents/GitHub/interpretable-synthetic-image-detection/data/concepts/batches/batch_001/synthetic/stable-diffusion-xl/stable-diffusion-xl_014.png,synthetic,stable-diffusion-xl,,"z bs y) ew 5) hee —_ uh € Wa SS =< — = ae & os Fe ereean oa a — SS —s aa ms —— te =e ene Ce mete ar es ns a a ~~ te A ‘eh nh - Sa wee en a meta if a Gene Best, + us a ide wii nh — “ay ~~ as = Sa nN =e oe!",67,26.143484597014925,3,
stable-diffusion-xl_015,data/concepts/batches/batch_001/synthetic/stable-diffusion-xl/stable-diffusion-xl_015.png,/Users/houdamalki/Documents/GitHub/interpretable-synthetic-image-detection/data/concepts/batches/batch_001/synthetic/stable-diffusion-xl/stable-diffusion-xl_015.png,synthetic,stable-diffusion-xl,,"= Ett . > is as = = P —— = == ag: aS, nf —— = a Kae ee _ << Se — bate = WS y gy per te = ——",33,36.787934,3,
stable-diffusion-xl_016,data/concepts/batches/batch_001/synthetic/stable-diffusion-xl/stable-diffusion-xl_016.png,/Users/houdamalki/Documents/GitHub/interpretable-synthetic-image-detection/data/concepts/batches/batch_001/synthetic/stable-diffusion-xl/stable-diffusion-xl_016.png,synthetic,stable-diffusion-xl,,Ww a oy? B28 ai & > Za —— Se eames ———_ 4 i ae”. ihe hut ii i ifs —= ——— | be — a) oat oe = 2 ee es = ——.,34,29.651116735294117,3,
stable-diffusion-xl_017,data/concepts/batches/batch_001/synthetic/stable-diffusion-xl/stable-diffusion-xl_017.png,/Users/houdamalki/Documents/GitHub/interpretable-synthetic-image-detection/data/concepts/batches/batch_001/synthetic/stable-diffusion-xl/stable-diffusion-xl_017.png,synthetic,stable-diffusion-xl,,"i) oe oo lt ., ae - er. tr A av: ee iy 2s aT ol ip ail Ss re! - 77s 1 ioe ne 3 & ia aid ial ba ks ciowtewee ho. — eg o te =— = ae",41,28.259146780487796,3,
stable-diffusion-xl_018,data/concepts/batches/batch_001/synthetic/stable-diffusion-xl/stable-diffusion-xl_018.png,/Users/houdamalki/Documents/GitHub/interpretable-synthetic-image-detection/data/concepts/batches/batch_001/synthetic/stable-diffusion-xl/stable-diffusion-xl_018.png,synthetic,stable-diffusion-xl,,"pet cs ee: sate ee yy a. Sart, re i he sis uct om = m — eo = us — jodie —_ ae & aba dl = 8 <a = =a = = iter, — =— ee a a ==",41,37.06992251219512,3,
stable-diffusion-xl_019,data/concepts/batches/batch_001/synthetic/stable-diffusion-xl/stable-diffusion-xl_019.png,/Users/houdamalki/Documents/GitHub/interpretable-synthetic-image-detection/data/concepts/batches/batch_001/synthetic/stable-diffusion-xl/stable-diffusion-xl_019.png,synthetic,stable-diffusion-xl,,s Lo tea La =,5,23.080809800000004,3,
stable-diffusion-xl_020,data/concepts/batches/batch_001/synthetic/stable-diffusion-xl/stable-diffusion-xl_020.png,/Users/houdamalki/Documents/GitHub/interpretable-synthetic-image-detection/data/concepts/batches/batch_001/synthetic/stable-diffusion-xl/stable-diffusion-xl_020.png,synthetic,stable-diffusion-xl,2,"AT \/ ry AY, ‘a = any An = — — | aa a —— ——————~ on y an ee —_—_ Ee BB —_ | = i 5, if {| | ae —| iv; — = i t",38,37.43847302631579,3,
